facility_owner_id,facility_owner_name,address_1,address_2,city,county,state,zip,phone,fax,owner_comment,contact_name,tax_id,created_by,created_date,updated_by,updated_date,email_addr,ownership
1,APACHE COUNTY,"""75 W. CLEVELAND
PO BOX 238""",,Saint Johns,Apache,AZ,85936.0,(602) 337-4364,,,,,,2014-02-10 19:05:27,,,,
2,Kayenta Motors and Supply,4 MAIN STREET,,Blanding,San Juan,UT,84511.0,(801) 587-2208,,,,,,2014-02-10 19:05:27,,,,
3,Navajo Nation Oil & Gas aka Navajo Petroleum,P.O. BOX 4439,,Window Rock,McKinley,AZ,86515.0,(520) 871-4880,,"""PROVIDES DIRECT OVERSIGHT TO OPERATIONS IN KAYENTA, CHINLE, AND WINDOW ROCK; 
FRANCHISE STATIONS:
NAV274 - BLACK MESA
NAV237 - SUPER K
NAV265 - WALLY'S CHEVRON
NAV179 - JUNCTION ENTERPRISES""",Sandra Jackson or Gregory Hudson,,,2014-02-10 19:05:27,RJAMISON,2019-04-05 16:23:12,,Government - Tribal
4,BIA,"""FACILITY MANAGEMENT
P.O. BOX 7H""",,Chinle,Apache,AZ,86503.0,(602) 674-5201,,,LEO GRIEGS,,,2014-02-10 19:05:27,,,,
5,ADOT EQUIPMENT SERVICES,2225  S. 22nd AVE.,,Phoenix,Maricopa,AZ,85009.0,(602) 255-6500,,,JERRY G. WEST,,,2014-02-10 19:05:27,,,,
6,,710 E. 20TH ST.,,Farmington,San Juan,NM,87401.0,(505) 326-5571,,,ROBERT JOHNSON,,,2014-02-10 19:05:27,,,,
7,BLACK OIL CO.,P.O. BOX 278,,Blanding,San Juan,UT,84511.0,(801) 727-3210,,,EVELYN JENSEN,,,2014-02-10 19:05:28,,,,
8,BLUE GAP TRADING CO.,P.O. BOX 4412,,Blue Gap,Navajo,AZ,86520.0,(520) 725-3222,,,WALLACE ANDERSON,,,2014-02-10 19:05:28,,,,
9,CLARA BURCH,P.O. BOX 50,,Thoreau,Mckinley,NM,87323.0,(505) 786-5578,,,CLARA BURCH,,,2014-02-10 19:05:28,,,,
10,KENNETH CAYADITTO SERVICE STATION,"""ST. RTE. 2
P.O. BOX 6""",,Cuba,Sandoval,NM,87013.0,(505) 731-2339,,Most recent tank notice 5/16/90. Shown as allotment land on Jicarilla Apache I.R. Checking with Tom Gray of State of New Mexico stationed in Farmington.,KENNETH CAYADITTO,,,2014-02-10 19:05:28,,,,
11,INDIAN CAPITAL DIST. CO.,P.O. BOX 180,,Gallup,mckinley,NM,87305.0,(505) 722-5355,,,DON JACOBS,,,2014-02-10 19:05:28,,,,
12,CEDAR RIDGE TRADING POST CO.,US RTE. 89 - 50 MILES N. OF CAMERON,,Cameron,,AZ,86020.0,(602) 283-5641,,,LEO LEE,,,2014-02-10 19:05:28,,,,
13,CENTRAL CONSOLIDATED SCHOOL DISTRICT 22,558 ROAD 6100,,Kirtland,San Juan,NM,87417.0,(505) 598-5834,,,ROY WATERS,,,2014-02-10 19:05:28,,,,
14,CHEVRON USA,NO STREET ADDRESS,,Concord,Contra Costa,CA,94524.0,(510) 111-1111,,,CLYDE BAKER,,,2014-02-10 19:05:28,,,,
15,CHINLE UNIFIED SCHOOL DISTRICT 24,P.O. BOX 587,,Chinle,Apache,AZ,86503.0,(602) 674-3481,,,LAFEY TSO,,,2014-02-10 19:05:28,,,,
16,CIRCLE K STORES INC.,"""P.O. BOX 52085
3553 CENTRAL AVE., 4TH FLOOR""",,Phoenix,Maricopa,AZ,85012.0,(602) 530-5089,,,MYRON SMITH,,,2014-02-10 19:05:28,,,,
17,"""CHIEF CONOCO, INC.""",P.O. BOX 250,,Shiprock,San Juan,NM,87420.0,(505) 368-4535,,,LARRY WILKERSON,,,2014-02-10 19:05:28,,,,
18,COCA COLA OF N. ARIZONA,3825 E. HUNTINGTON DR.,,Flagstaff,Coconino,AZ,86004.0,(602) 526-2239,,,WILLIAM ATTSON,,,2014-02-10 19:05:28,,,,
19,CONSOLIDATION COAL CO.,12755 OLIVE BLVD.,,Saint Louis,Saint Louis,MO,63141.0,(314) 275-2300,,,JOHN GEFFERTH,,,2014-02-10 19:05:28,,,,
20,COPPERMINE TRADING POST,P.O. BOX 1416,,Page,Coconino,AZ,86040.0,,,,ANNA JEAN BLACK,,,2014-02-10 19:05:28,,,,
21,COVE TRADING POST,P.O. BOX 110,,Red Valley,Apache,AZ,86544.0,(602) 653-4514,,,TROY KENNEDY,,,2014-02-10 19:05:28,,,,
22,SANDIA OIL CO.,P. O. BOX 13630,,Albuquerque,Bernalillo,NM,87192.0,(505) 292-5494,(505) 294-4821,"""3/02:

Site has never been inspected. Called Sandia Oil (owner).  Mr. Steve Bettenfield requested information be made by letter.  Letter prepared by MCK and mailed on 3/22/02. Site is on  the Ramah Navajo Reservation sourth of Highway 53.  (MCK)""",L.S. BEDDINGFIELD,,,2014-02-10 19:05:28,,,,
23,ENGELHARD CORP.,MENLO PARK (CN40),,Edison,Middlesex,NJ,8818.0,(201) 321-5000,,,PERRY SKERSICK,,,2014-02-10 19:05:28,,,,
24,ARMAND ORTEGA,"""RTE. I-40, HOUCK EXIT
P.O. BOX 219""",,Houck,Apache,AZ,86506.0,(520) 688-2787,,SAME AS OWNER NUMBER 159,ARMAND ORTEGA,,,2014-02-10 19:05:28,,,,
25,BRIAN & PHIL FOUTZ,P.O. BOX 786,,Holbrook,Navajo,AZ,86025.0,(602) 654-3347,,,BRIAN FOUTZ,,,2014-02-10 19:05:28,,,,
26,GANADO UNIFIED SCHOOL DISTRICT,P.O. BOX 1757,,Ganado,Apache,AZ,86505.0,(602) 755-3436,,,JESSE APACHE,,,2014-02-10 19:05:28,,,,
27,GOULDING TRADING POST,P.O. BOX 3,,Monument Valley,San Juan,UT,84536.0,,,,DENNIS BUCKMAN,,,2014-02-10 19:05:28,,,,
28,"""WESTERN REFINING, INC fmr GIANT INDUSTRIES""",23733 N. SCOTTSDALE ROAD,,SCOTTSDALE,Maricopa,AZ,85255.0,(480) 585-8870,,,Tim Littlewood,,,2014-02-10 19:05:28,RJAMISON,2019-04-05 17:12:04,tim.littlewood@wnr.com,
29,GRAVES OIL AND BUTANE,761 S. MILLER ST.,,Farmington,San Juan,NM,87401.0,(505) 325-4551,,,WILLIAM S. MAY,,,2014-02-10 19:05:28,,,,
30,ROBERT AND DORIS HAWLEY,DILKON CHAPTER (NAVAJO TRIBE),,Winslow,,AZ,86047.0,(602) 657-3376,,,SYLVIA JACKSON,,,2014-02-10 19:05:28,,,,
31,HUGHES MISSILE SYSTEMS CO. - NAPI,ST. HWY 371 6 MI. S. OF FARMINGTON,,Farmington,San Juan,NM,87401.0,(505) 566-1500,,,DON NATONI,,,2014-02-10 19:05:28,,,,
32,INDIAN HEALTH SERVICE (IHS),P.O. BOX G,,Window Rock,McKinley,AZ,86515.0,(928) 871-1331,,MCK--Called Candace Tsingine of the IHS in Window Rock @ (928) 871-1331.  I requested that she send me the closure (old tanks) and new tank installation paperwork.   The IHS and the school share the same property.,CANDACE TSINGINE,,,2014-02-10 19:05:28,,,,
33,JUNCTION ENTERPRISES INC.,JUNCTION US 89 & STATE ROUTE 64,,Cameron,,AZ,86020.0,(602) 679-2281,,,ROBERT SIMPSON,,,2014-02-10 19:05:28,,,,
34,JOHN AND SHIRLEY PATTERSON,P.O. BOX 1410,,Kaibito,Coconino,AZ,86053.0,(928) 673-3453,,,JOHN PATTERSON,,,2014-02-10 19:05:28,,,,
35,KAYENTA UNIFIED SCHOOL DISTRICT NO. 27,P.O. BOX 337,,Kayenta,Navajo,AZ,86033.0,(602) 697-3251,,,"""BILL CLY, TRANSPORTATION DIRECTOR""",,,2014-02-10 19:05:29,,,,
36,DONALD KEMNER,400 S 156 B # 8,,Blanding,San Juan,UT,84511.0,(801) 678-2001,,435-678-2318,PAUL & DIANE KEMNER,nav249,,2014-02-10 19:05:29,,,,
37,DAVE KHOW,P.O. BOX 2080,,Tuba City,,AZ,86045.0,(602) 283-4938,,,DAVE KHOW,,,2014-02-10 19:05:29,,,,
38,MERLE MOORE,"""MARIANO LAKE TRADING POST
P.O. BOX 520""",,Gallup,Mckinley,NM,87301.0,(505) 786-7339,,MCK. Site is locatied 15 milies east of Mariano Lake.  Tank notice dated 4/9/86 indiated Merle Moore as Owner and lesee is Marie Westmorland.,,,,2014-02-10 19:05:29,,,,
39,JOHN MC CULLOCH,"""TEEC NOS POS TRADING POST
JUNCTION HWY 160 + HWY 64""",,Teec Nos Pos,,AZ,86514.0,(928) 656-3224,,,,,,2014-02-10 19:05:29,,,,
40,PAUL MERRILL ENTERPRISES,P.O. BOX 255,,Fort Wingate,Mckinley,NM,87316.0,(505) 488-5646,,"""MCK. Is it Indian lands or State of New Mexico jurisdiction? Checking with Tom Gray of State of New Mexico. Letter to Boone from Scott Merrill, owner regarding tank removal and clean up (june 1992). Mr. Merril had been working with New Mexico State Ust group. See what New Mexico has on closure documents.""",PAUL MERRILL,,,2014-02-10 19:05:29,,,,
41,SHIPROCK EXPRESS LLC,"""501 AIRPORT DR
STE # 100""",,Farmington,San Juan,NM,87401.0,(505) 327-5156,,NEW SITE REPORTED BY BIOTECH,UNKNOWN,,,2014-02-10 19:05:29,,,,
42,MONUMENT VALLEY HOSPITAL,"""P.O. BOX 4
4 ROCK DOOR CANYON DRIVE""",,Monument Valley,San Juan,UT,84536.0,(801) 727-3271,,"""ABANDONED ??
CLOSED SINCE 1998.
 UST REMOVED?
NNEPA WILL FOLLOW UP.
2 ASTs ALSO PRESENT ON SITE.""",CARL SHILEY,,,2014-02-10 19:05:29,,,,
43,MARIE LEIGHTON (former),"""TWO GREY HILLS TRADING POST, PO Box 2639 (mailing address)""",,Farmington,San Juan,NM,87499.0,(505) 789-3270,,,,,,2014-02-10 19:05:29,,,,
44,u,P.O. BOX 207,,Ganado,Apache,AZ,86505.0,(520) 755-3244,,,JO ANN MORA,,,2014-02-10 19:05:29,,,,
45,JOE R. CLINE,SALINA SPRINGS TRADING POST,,Chinle,Apache,AZ,86503.0,(602) 725-3253,,"""LEASED FROM NAVAJO NATION DEPARTMENT OF ECONOMIC DEVELOPMENT
PRIOR LESSEE: DAVID G. MURRAY""",,,,2014-02-10 19:05:29,,,,
46,RICHARD BOWMAN,P.O. BOX 1279,,Saint Michaels,Apache,AZ,86511.0,(602) 871-2390,,,,,,2014-02-10 19:05:29,,,,
47,NATIONAL PARK SERVICE,"""CANYON DE CHELLY NATL. MONUMENT
P.O. BOX 588""",,Chinle,Apache,AZ,86503.0,(520) 674-5506,,,HERBERT YAZHE,,,2014-02-10 19:05:29,,,,
48,NAVAJO GOSPEL MISSION,"""3910 E. EL PASO DRIVE
P.O. BOX 3717""",,Flagstaff,Coconino,AZ,86004.0,(602) 526-0875,,,PAUL WALTON,,,2014-02-10 19:05:29,,,,
49,NAVAJO NATION,P.O. BOX 608,,Window Rock,McKinley,AZ,86515.0,(928) 871-6427,(928) 871-7038,Birdie Becenti also works under Ray Barton and handles UST issues (MCK),Raymond Barton,,,2014-02-10 19:05:29,,,,
50,NAVAJO NATION HOSPITALITY ENTERPRISE,P.O. BOX 2340,,Window Rock,McKinley,AZ,86515.0,(520) 871-4108,,,DONALD HUBBARD,,,2014-02-10 19:05:29,,,,
51,NAVAJO NATION HEALTH FOUNDATION,P.O. BOX 457,,Ganado,Apache,AZ,86505.0,(602) 755-3411,,,,,,2014-02-10 19:05:29,,,,
52,NAVAJO TRIBAL UTILITY AUTHORITY (NTUA),P.O. BOX 170,,Fort Defiance,Apache,AZ,86504.0,(602) 729-5721,,,KENNETH TODAKONZIE,,,2014-02-10 19:05:29,,,,
53,R. B. FOUTZ,NO ADDRESS GIVEN,,Newcomb,San Juan,NM,87455.0,(505) 696-9925,,,,,,2014-02-10 19:05:29,,,,
54,NAVAJO WESTERNERS,P.O. BOX 958,,Kayenta,Navajo,AZ,86033.0,(602) 697-8173,,,INDUSTRIAL DIST. INC.,,,2014-02-10 19:05:29,,,,
55,KEITH B. CODY & CO.,155 MAIN STREET,,Tuba City,,AZ,86045.0,(520) 283-5203,,FORMER PARTNER IN NAVAJO WESTERNERS,,,,2014-02-10 19:05:29,,,,
56,PERMCO,AIRPORT AND MAIN,,Farmington,San Juan,NM,87401.0,(505) 368-4448,,,CHARLES FOUTZ,,,2014-02-10 19:05:29,,,,
57,"""MOBIL, INC.""",P.O. BOX 633,,Midland,Midland,TX,79702.0,(915) 688-2036,,,DOUGLAS FANT,,,2014-02-10 19:05:29,,,,
58,PINON UNIFIED SCHOOL DIST. #4,P.O. BOX 839,,Pinon,Navajo,AZ,86510.0,(602) 725-3450,,,GEORGE BEN,,,2014-02-10 19:05:29,,,,
59,PGP CORPORATION,NO ADDRESS GIVEN,,Chinle,Apache,AZ,86503.0,(602) 728-3266,,,,,,2014-02-10 19:05:29,,,,
60,THRIFTWAY MARKETING CORP.,710 E. 20TH ST.,,Farmington,San Juan,NM,87401.0,(505) 326-5571,,,BETTY SWEARINGEN,,,2014-02-10 19:05:29,,,,
61,RED LAKE TRADING POST CO.,1515 EAST CEDAR AVE.,,Flagstaff,Coconino,AZ,86004.0,(520) 774-8711,,,HILTON HARRIS,,,2014-02-10 19:05:29,,,,
62,RED MESA UNIFIED SCHOOL DIST. #27,"""STAR ROUTE 1
P.O. BOX 40""",,Teec Nos Pos,,AZ,86514.0,(602) 656-3511,,,L. WILLIAM BUTLER,,,2014-02-10 19:05:29,,,,
63,ROUND TOP TRADING CO.,P.O. BOX 209,,Ganado,Apache,AZ,86505.0,(602) 755-3480,,,GORDON GORMAN,,,2014-02-10 19:05:29,,,,
64,SAN JUAN SCHOOL DIST.,200 NORTH MAIN,,Blanding,San Juan,UT,84511.0,(801) 587-2254,,,HERB FRAZIER or KENT TIBBITTS,,,2014-02-10 19:05:30,,,,
65,"""RED ROCK RETAILERS, LLC""",501 AIRPORT DRIVE,,Farmington,San Juan,NM,87401.0,(505) 327-5156,,,,,,2014-02-10 19:05:30,,,,
66,TOM SHIRLEY,P.O. BOX 44,,Lupton,Apache,AZ,86508.0,(520) 688-2637,,,TOM SHIRLEY,,,2014-02-10 19:05:30,,,,
67,DEFORREST SMOUSE,1070 N.500 E.,,Centerville,Davis,UT,84014.0,(801) 292-3800,,,DON SMOUSE,,,2014-02-10 19:05:30,,,,
68,H. JAY SPRINGER,"""C/O PETE DOMENICI JR
DOLAN & DOMENICI 
5801 OSUNA NE #107""",,Albuquerque,Bernalillo,NM,87105.0,(602) 686-6202,,,,,,2014-02-10 19:05:30,,,,
69,Western State Petroleum Co.,450 South 15th Ave.,,Phoenix,Maricopa,AZ,85007.0,(602) 252-4011,,INSPECTED 06/25/01 BY OJHA.,WENDELL MORTENSEN,,,2014-02-10 19:05:30,,,,
70,FRED & EDITH THOMPSON,P.O. BOX 85,,Church Rock,Mckinley,NM,87311.0,(505) 488-5374,,,IVAN THOMPSON,,,2014-02-10 19:05:30,,,,
71,"""NAVAJO CONVENIENT STORES, LLC""",710 E. 20TH STREET,,Farmington,San Juan,NM,87401.0,(480) 585-8870,,"""JOINT VENTURE BETWEEN GIANT FOUR CORNERS AND NAVAJO NATION; OWNERSHIP 66/30 IN 2000 BECOMING 50/50 IN 2010.
(505-326-5571).
INSPECTED 06/25/01 BY OJHA.
COMPLIANCE REQ'D. BY 07/25/01.""",,,,2014-02-10 19:05:30,,,,
72,"""Spartin Investments, LLC""",920 E. Hwy 66,,Gallup,Mckinley,NM,87301.0,(505) 722-5031 ext.5,,Contact title is listed as member manager,Mark Nicholson,,,2014-02-10 19:05:30,ACF,2014-10-02 13:03:23,,
73,ENRON CORP. SUBSIDIARY:TRANSWESTERN PIPELINE CO.,P.O. BOX 1188,,Houston,Harris,TX,77251.0,(713) 853-7305,,,,,,2014-02-10 19:05:31,,,,
74,TUBA CITY UNIFIED SCHOOL DISTRICT,P.O. BOX 67,,Tuba City,,AZ,86045.0,(602) 283-4211,,,GEORGE ADSON,,,2014-02-10 19:05:31,,,,
75,DON DAVIS,P. O. BOX 338,,Tuba City,,AZ,86045.0,(520) 526-6244,,,DON DAVIS,,,2014-02-10 19:05:31,,,,
76,DALE NICHOLSON TRUST,"""I-40, Exit 359Grants Road""",,Lupton,Apache,AZ,86508.0,(928) 688-2775,,RELATED TO SUNWEST STORES,MARK  NICHOLSON,,,2014-02-10 19:05:31,RJAMISON,2017-04-20 15:23:02,mark@spartin.net,
77,UNITED FOOD STORES OF ARIZONA,900 SCHOFIELD,,Farmington,San Juan,NM,87401.0,(505) 327-7211,,ALSO CONTACT ALAN FRAZER,BONNIE FRAZER,,,2014-02-10 19:05:31,,,,
78,VAN'S TRADING CO.,HWY 160,,Tuba City,,AZ,86045.0,(602) 283-5343,,,TOBY HUNSBERGER,,,2014-02-10 19:05:31,,,,
79,DANNY VAN KUELEN,P.O. BOX 2,,Tonalea,Coconino,AZ,86044.0,(602) 123-4567,,,DANNY VAN KUELEN,,,2014-02-10 19:05:31,,,,
80,HARRISON WILLIAMS,STAR RTE. 264,,Saint Michaels,Apache,AZ,86511.0,(520) 123-4567,,,HARRISON WILLIAMS,,,2014-02-10 19:05:31,,,,
81,C.G. WHEELER,SUNRISE TRADING POST,,Ganado,Apache,AZ,86505.0,(602) 755-3235,,,H. J. SPRINGER,,,2014-02-10 19:05:31,,,,
82,WHITING BROS. OIL CO.,816 W. HOPI DR.,,Holbrook,Navajo,AZ,86025.0,(602) 524-6281,,,GARY WHITING,,,2014-02-10 19:05:31,,,,
83,FRANK WILSON,P.O. BOX 931,,Teec Nos Pos,,AZ,86514.0,(928) 656-3419,,,FRANK WILSON,,,2014-02-10 19:05:31,,,,
84,WINDOW ROCK UNIFIED SCHOOL DISTRICT #8,"""P.O. BOX 559
NAVAJO RTE. 12""",,Fort Defiance,Apache,AZ,86504.0,(520) 729-5704,,,CHESTER MEGO,,,2014-02-10 19:05:31,,,,
85,NATIONAL SCIENCE FOUNDATION,"""KITT PEAK NATIONAL OBSERVATORY
950 N. CHERRY AVE""",,Tucson,Pima,AZ,85726.0,(520) 318-8211,(520) 318-8581,Note there is only one site here.  Numerous old tanks have been taken out at this location in the past.  Currently there are only 2 operating USTs.,Check Gessner,,,2014-02-10 19:05:31,,,,
86,BIA - PAPAGO INDIAN AGENCY,P. O. BOX 578,,Sells,Pima,AZ,85634.0,,,OUT OF SERVICE. OLD LUST SITE TANK REMOVED (When?) ARB VISITED IN 1999. NO TANKS FOUND.,MINNIE MANN,,,2014-02-10 19:05:31,,,,
87,FRANCISCAN FRIARS / SAN XAVIER MISSION,"""ROBERT VINT
620 N. COUNTRY CLUB RD.""",,Tucson,Pima,AZ,85716.0,(602) 795-0100,,,ROBERT VINT,,,2014-02-10 19:05:31,,,,
88,SAN XAVIER COOP ASSOCIATION,2018 W. SAN XAVIER ROAD,,Tucson,Pima,AZ,85746.0,(602) 294-5727,,,,,,2014-02-10 19:05:31,,,,
89,TOHONO O'ODHAM NATION (PAPAGO),P.O. BOX 500,,Sells,Pima,AZ,85634.0,(520) 361-2449,,,DONALD ROBINETTE,,,2014-02-10 19:05:31,,,,
90,INDIAN OASIS-BABOQUIVARI SCHOOL DIST.,P.O. BOX 248,,Sells,Pima,AZ,85634.0,(602) 383-2601,,,GABRIEL CACHORA,,,2014-02-10 19:05:31,,,,
91,GSA,300 W. CONGRESS FB-26,,Tucson,Pima,AZ,85701.0,(602) 629-6301,,,HOSS DONAHAY,,,2014-02-10 19:05:31,,,,
92,FRANCISCAN FRIARS,"""SAN SOLANO MISSIONS
1946 SAN XAVIER RD.""",,Yuma,Yuma,AZ,85369.0,(520) 361-2419,,THREE SITES WITH CLOSED TANKS.,"""THOMAS FROST, OFM""",,,2014-02-10 19:05:31,,,,
93,MOUNTAIN BELL,1801 CALIFORNIA ST.,,Denver,Denver,CO,80202.0,(303) 896-6504,,,JOHN FERGUSON,,,2014-02-10 19:05:31,,,,
94,NORANDA LAKESHORE MINES / CYPRUS SIERRITA CORP.,P.O. BOX C6,,Green Valley,Pima,AZ,85622.0,(520) 648-8500,,,JOHN KLINE,,,2014-02-10 19:05:31,,,,
95,U.S. ARMY CORPS OF ENGINEERS,26 N. MCDONALD,,Mesa,Maricopa,AZ,85201.0,(602) 833-7323,,,MELVIN WEISS,,,2014-02-10 19:05:32,,,,
96,TRAVIS ROBINETTE,PISINEMO RURAL BRANCH,,Sells,Pima,AZ,85634.0,(602) 362-2358,,,TRAVIS ROBINETTE,,,2014-02-10 19:05:32,,,,
97,Kykotsmovi Enterprise Board,112 Main St.,,Kykotsmovi,Maricopa,AZ,86039.0,(928) 734-2456,,,,,,2014-02-10 19:05:32,,,,
98,CEDAR UNIFIED SCHOOL DISTRICT,P.O. BOX 367,,Keams Canyon,Apache,AZ,86034.0,(928) 738-5527,,,HENRY NEZ,,,2014-02-10 19:05:32,,,,
99,"""MCGEE AND SON, INC.""",P.O. BOX 437,,Pinon,Navajo,AZ,86510.0,(520) 725-3335,,,FERRON MCGEE,,,2014-02-10 19:05:32,,,,
100,HOTEVILLA VILLAGE,P.O. BOX 706,,Hotevilla,,AZ,86030.0,(928) 734-2420,,,KENNETH QUANIMPTEWA,,,2014-02-10 19:05:32,,,,
101,HOPI TRIBE,P.O. BOX 123,,Kykotsmovi Village,Navajo,AZ,86039.0,(602) 734-2441,,,NORRIS ONSAE,,,2014-02-10 19:05:32,,,,
102,FREDERICKS EXXON,P.O. BOX 32,,Kykotsmovi Village,Navajo,AZ,86039.0,(602) 734-6638,,,ARVIN FREDERICKS,,,2014-02-10 19:05:32,,,,
103,RICHARD'S ENTERPRISE,P.O. BOX 390,,Polacca,Navajo,AZ,86042.0,(602) 737-2550,,,LORENZO FOWLER,,,2014-02-10 19:05:32,,,,
104,"""AJM FARMS, INC.""",6773 W. WILLIS ROAD,,Chandler,Maricopa,AZ,85226.0,(602) 961-1038,,,ED HOLDERNESS,,,2014-02-10 19:05:32,,,,
105,"""T & G AVIATION, INC.""",22000 S. PRICE ROAD,,Chandler,Maricopa,AZ,85248.0,(602) 796-5188,,,SERGIO TOMASSONI,,,2014-02-10 19:05:32,,,,
106,BIA   GILA RIVER/PIMA AGENCY,"""104 N. MAIN ST.
P.O. BOX 8""",,Sacaton,Maricopa,AZ,85247.0,(602) 562-3326,,,,,,2014-02-10 19:05:32,,,,
107,"""BLUE CIRCLE WEST, INC.""",2625 S. 19TH AVE.,,Phoenix,Maricopa,AZ,85009.0,(602) 253-2505,,,PAUL SMITH,,,2014-02-10 19:05:32,,,,
108,JOHN DEERE & CO.,JOHN DEERE ROAD,,Moline,Rock Island,IL,61265.0,(309) 765-4457,,,BRUCE KACER,,,2014-02-10 19:05:32,,,,
109,GILA RIVER BUSINESS ENTERPRISES,P.O. BOX 299,,Sacaton,Maricopa,AZ,85247.0,(520) 562-3391,,,JAMES HARRIMAN,,,2014-02-10 19:05:32,,,,
110,RAY BELL OIL CO. OF AZ,P.O. BOX 100,,Dewey,Yavapai,AZ,86327.0,(520) 632-4412,,,ROBERT TURNER,,,2014-02-10 19:05:32,,,,
111,"""SPECIALTY FOREST PRODUCTS, INC.""",6744 W. GERMANN ROAD,,Chandler,Maricopa,AZ,85226.0,(602) 264-2533,,,DALE MASSON,,,2014-02-10 19:05:32,,,,
112,OLBERG TRADING POST,P.O. BOX 130,,Sacaton,Maricopa,AZ,85247.0,(602) 562-3459,,,MONTY ELLIS,,,2014-02-10 19:05:32,,,,
113,SAINT PETER'S INDIAN MISSION,NO STREET ADDRESS,,Bapchule,Pinal,AZ,85221.0,(520) 315-3600,,,BROTHER ROLAND,,,2014-02-10 19:05:32,,,,
114,"""ARIZONA TRADERS, INC.""",109 PIMA ST.,,Sacaton,Maricopa,AZ,85247.0,(602) 562-3355,,,"""DAVID HARBISON, SR.""",,,2014-02-10 19:05:32,,,,
115,"""PAYLESS CASHWAY, INC.""",1509 N. ARIZONA AVE,,Gilbert,Maricopa,AZ,85234.0,(602) 961-1329,,,TOM GALLIN,,,2014-02-10 19:05:32,,,,
116,KACHINA REDI MIX,1976 E. PIMA ST.,,Tempe,Maricopa,AZ,85281.0,(602) 894-0613,,,RAYMOND BULKS,,,2014-02-10 19:05:32,,,,
117,J.I. CASE COMPANY,SR 87 AT SACATON ROAD,,Sacaton,Maricopa,AZ,85247.0,(602) 562-3363,,,ROBERT PFISTER,,,2014-02-10 19:05:32,,,,
118,SAN TAN LAND OWNER'S CORP.,NO STREET ADDRESS,,Sacaton,Maricopa,AZ,85247.0,(602) 562-3356,,,HARRINGTON LUNA,,,2014-02-10 19:05:32,,,,
119,GRANDE MACHINERY,P.O. BOX 549,,Maricopa,Pinal,AZ,85239.0,(602) 568-2256,,,EMERY SALTER,,,2014-02-10 19:05:32,,,,
120,DELA TEK,2000 N. VAVAGES AVE.,,Coolidge,Pinal,AZ,85228.0,(602) 723-5491,,,RON MCLAREN,,,2014-02-10 19:05:32,,,,
121,NORRIS TRIMBLE/PACIFIC LIVESTOCK,1380 S. PRICE ROAD,,Chandler,Maricopa,AZ,85226.0,(602) 839-2938,,,NORRIS TRIMBLE,,,2014-02-10 19:05:32,,,,
122,DIOCESE OF PHOENIX,400 E. MONROE STREET,,Phoenix,Maricopa,AZ,85004.0,(602) 257-0030,,,FRANCES ANSELMO,,,2014-02-10 19:05:32,,,,
123,GENSTAR CONSERVATION SYSTEMS,6733 W. WILLIS,,Chandler,Maricopa,AZ,85226.0,(602) 961-1490,,,C.A. ROCHELEAU,,,2014-02-10 19:05:32,,,,
124,"""TUBA CITY EXPRESS, LLC""",710 E. 20TH STREET,,Farmington,San Juan,NM,87401.0,(505) 327-4965,,,TERRY GRIFFIN,,,2014-02-10 19:05:32,,,,
125,HAVASUPAI INDIAN TRIBE,NO STREET ADDRESS,,Supai,Coconino,AZ,86435.0,(602) 448-2882,,,DON WATAHOIMIGIE,,,2014-02-10 19:05:32,,,,
126,"""HAVASU LAKE SERVICE , INC.""",3 HAVASU LAKE ROAD,,Havasu Lake,San Bernardino,CA,92363.0,(619) 858-4392,,ACTUAL LOCATION OF TANKS MAY BE IN ARIZONA. ONE TANK REMOVED 10/28/98. NFA 01/21/99. NO OF TANKS STILL IN GROUND UNKNOWN.,JAMES FRATUS,,,2014-02-10 19:05:32,,,,
127,TIMOTHY BUSSELL,P.O. BOX 103,,Hoopa,Humboldt,CA,95546.0,(916) 625-4347,,,TIMOTHY RUSSELL,,,2014-02-10 19:05:32,,,,
128,BUREAU OF LAND MANAGEMENT,"""LAS VEGAS DISTRICT OFFICE
P.O. BOX 26569""",,Las Vegas,Clark,NV,89126.0,(702) 647-5000,,,JACQUELINE GRATTON,,,2014-02-10 19:05:32,,,,
129,FEDERAL AVIATION ADMINISTRATION (FAA),2641 BUCKEYE ROAD,,Phoenix,Maricopa,AZ,85034.0,(602) 379-4315,,,JIMMIE BELL,,,2014-02-10 19:05:32,,,,
130,R.D.'S PIT STOP,"""888 HWY 66
P.O. BOX 60""",,Peach Springs,Mohave,AZ,86434.0,(602) 769-8250,,,LOVLON BEST,,,2014-02-10 19:05:32,,,,
131,HUALAPAI INDIAN TRIBE,P.O. BOX 178,,Peach Springs,Mohave,AZ,86434.0,(602) 769-2216,,,DALLAS QUASULA,,,2014-02-10 19:05:33,,,,
132,LA POSTA BAND OF MISSION INDIANS,1064 BERONA AVE.,,Lakeside,San Diego,CA,92040.0,(619) 561-9294,,,FRANK LACHAPPA,,,2014-02-10 19:05:33,,,,
133,KING AND JUDY FREEMAN,PALA MISSION ROAD,,Pala,San Diego,CA,92059.0,(619) 742-3262,,,KING FREEMAN,,,2014-02-10 19:05:33,,,,
134,BUREAU OF INDIANS AFFAIRS (BIA),"""3600 LIME ST., SUITE 722""",,Riverside,Riverside,CA,92501.0,(909) 276-6635,,,LEELEN BERRIGAN,,,2014-02-10 19:05:33,,,,
135,DELVIN KANE,60 NORTH BARLOW LANE,,Bishop,Inyo,CA,93514.0,,,,,,,2014-02-10 19:05:33,,,,
136,PAUMA BAND OF MISSION INDIANS,P.O. BOX 86,,Pauma Valley,San Diego,CA,92061.0,(619) 742-1289,,,JAMES QUISQUIS,,,2014-02-10 19:05:33,,,,
137,PYRAMID LAKE FISHERIES,STAR ROUTE,,Reno,Washoe,NV,89510.0,(702) 476-0500,,,PAUL WAGNER,,,2014-02-10 19:05:33,,,,
138,U.S. DEPT. OF THE INTERIOR,"""U.S. FISH AND WILDLIFE
911 NE 11TH AVENUE""",,Portland,Multnomah,OR,97232.0,,,,PATRICIA MASTERSON,,,2014-02-10 19:05:33,,,,
139,CHEVRON USA PRODUCTS,P.O. BOX 2833,,La Habra,Orange,CA,90632.0,(310) 694-7300,,,DAN GALLAGHER,,,2014-02-10 19:05:33,,,,
140,TEXZONA CATTLE FEEDERS,NO STREET ADDRESS,,Chandler,Maricopa,AZ,85224.0,(602) 892-1500,,OPERATED BY TEXZONA CATTLE FEEDERS UNTIL 1993,MARK IMHOFF,,,2014-02-10 19:05:33,,,,
141,SALT RIVER SAND AND ROCK,"""9595 E. MCKELLIPS
P.O. BOX 728""",,Scottsdale,Maricopa,AZ,85257.0,(602) 990-1987,,,JIM GREEN,,,2014-02-10 19:05:33,,,,
142,RUMSEY INDIAN RANCHERIA,P.O. BOX 18,,Brooks,Yolo,CA,95606.0,(916) 796-3400,,CA INSPECTED 10/98,TAMARA FULLERTON,,,2014-02-10 19:05:33,,,,
143,PYRAMID LAKE PAIUTE TRIBE,P.O. BOX 256,,Wadsworth,Washoe,NV,89442.0,(775) 574-1000,,,ALAN MANDEL,,,2014-02-10 19:05:33,,,,
144,INDIAN TRAILS MINI STORAGE LTD.,18810 MONTEWOOD DR.,,Saratoga,Santa Clara,CA,95070.0,(408) 354-7747,,,S. BRENT KELLIS,,,2014-02-10 19:05:33,,,,
145,UNITED METRO MATERIALS FACILITY,P.O. BOX 52140,,Phoenix,Maricopa,AZ,85072.0,(602) 276-4211,,FORMERLY UNION ROCK AND MATERIALS,WILLIAM PECK,`,,2014-02-10 19:05:33,,,,
146,NOLINE AND SMITH CORP.,P.O. BOX 10425,,Scottsdale,Maricopa,AZ,85271.0,(480) 423-0585,,,"""ROGER SMITH, JR,""",,,2014-02-10 19:05:33,,,,
147,CITY OF PHOENIX,2441 S. 22ND AVE.,,Phoenix,Maricopa,AZ,85009.0,(602) 262-6841,,,ELTON BRAKHANE,,,2014-02-10 19:05:33,,,,
148,SALT RIVER PIMA,"""ROUTE 1, BOX 216""",,Scottsdale,Maricopa,AZ,85256.0,(602) 941-7277,,,,,,2014-02-10 19:05:33,,,,
149,TOSCO MARKETING CO.,3350 N. CENTRAL AVE.,,Phoenix,Maricopa,AZ,85012.0,(602) 200-4517,,"""MAILING ADDRESS: 
P.O. BOX 52085
PHOENIX, AZ 85072""",JAMES TROTTER,,,2014-02-10 19:05:33,,,,
150,VULCAN MATERIALS CALMAT DIVISION,1801 E. UNIVERSITY DRIVE,,Phoenix,Maricopa,AZ,85034.0,(602) 254-8465,(602) 253-1026,formerly CalMat Co. of Arizona and Industrial Asphalt,ANDY SIERSMA,,,2014-02-10 19:05:33,,,,
151,RAY JUAN (SALT RIVER PIMA-MARICOPA I.C.),P.O. BOX 216,,Scottsdale,Maricopa,AZ,85256.0,(602) 874-8160,,,RAY JUAN,,,2014-02-10 19:05:33,,,,
152,JOYCE AND TERRENCE HOULE,4001 N. PIMA ROAD,,Paradise Valley,Maricopa,AZ,85253.0,(480) 483-8378,(480) 970-6259,,JOYCE HOULE,,,2014-02-10 19:05:33,,,,
153,SALT RIVER PIMA-MARICOPA INDIAN COMMUNITY,P.O. BOX 35395,,Phoenix,Maricopa,AZ,85021.0,(602) 264-0511,,,STEVEN PARKER,,,2014-02-10 19:05:33,,,,
154,PAVILION LAKES GOLF COURSE,8870 E. INDIAN BEND RD.,,Scottsdale,Maricopa,AZ,85256.0,(602) 948-3370,,,ANTHONY ASHFORD,,,2014-02-10 19:05:33,,,,
155,PHELPS DODGE CORP.,NO STREET ADDRESS,,Morenci,Greenlee,AZ,85540.0,(602) 865-4521,,,TED COGUT,,,2014-02-10 19:05:33,,,,
156,BIA - SAN CARLOS AGENCY,P.O. BOX 209,,San Carlos,Gila,AZ,85550.0,(520) 475-2880,,,MELVIN ANTONIO,,,2014-02-10 19:05:33,,,,
157,SAN CARLOS UNIFIED SCHOOL DISTRICT #20,P.O. BOX 207,,San Carlos,Gila,AZ,85550.0,(602) 475-2315,,,TOM SEVICK,,,2014-02-10 19:05:33,,,,
158,MACE AVIATION (CUTTER AIRPORT),P.O. BOX 2775,,Globe,Gila,AZ,85502.0,(602) 425-5906,,,CAROL / BOB MACE,,,2014-02-10 19:05:33,,,,
159,SAN CARLOS APACHE TRIBE,P.O. BOX 0,,San Carlos,Gila,AZ,85550.0,(928) 475-2218,(928) 475-2268,,TERRY JONES,,,2014-02-10 19:05:33,,,,
160,EMPIRE SOUTHWEST,1725 S. COUNTRY CLUB DRIVE,,Mesa,Maricopa,AZ,85202.0,(602) 898-4477,,,DAVID STREETER,,,2014-02-10 19:05:33,,,,
161,SAN XAVIER DEVELOPMENT AUTHORITY,7800 S. NOGALES HWY,,Tucson,Pima,AZ,85706.0,(520) 746-3692,,,CHRIS O'NEAL,,,2014-02-10 19:05:33,,,,
162,STAYSHONS ENTERPRISES LLC,8823 CHAPARRAL AVE.,,Scottsdale,Maricopa,AZ,85250.0,(480) 990-2004,(480) 946-1449,,LEON BURLEW,,,2014-02-10 19:05:33,,,,
163,LAMBERT NOLINE and DAVIS DUDE,P. O. BOX 566,,Peridot,Gila,AZ,85542.0,(602) 475-2609,,,DAVIS DUDE,,,2014-02-10 19:05:33,,,,
164,TULE RIVER TRIBAL COUNCIL,340 NORTH RESERVATION RD.,,Porterville,Tulare,CA,93257.0,(209) 781-4271,,,NANCY MCDARMENT,,,2014-02-10 19:05:33,,,,
165,WALKER RIVER PAIUTE TRIBE,P.O. BOX 220,,Schurz,Mineral,NV,89427.0,(702) 773-2002,,,TAD WILLIAMS,,,2014-02-10 19:05:33,,,,
166,WASHOE TRIBE OF NEVADA AND CALIFORNIA,919 S.R 395 S.,,Gardnerville,Douglas,NV,89410.0,(702) 265-4191,,,A. BRIAN WALLACE,,,2014-02-10 19:05:34,,,,
167,WHITE MOUNTAIN APACHE (APACHE SERVICES),"""P.O. 700
210 EAST WALNUT STREET""",,Whiteriver,Navajo,AZ,85941.0,(602) 338-4967,,,JOHN BEREMAN,,,2014-02-10 19:05:34,,,,
168,AMERICAN TELEPHONE & TELEGRAPH (AT&T),3950 N. USERY PASS ROAD,,Mesa,Maricopa,AZ,85207.0,(602) 271-3693,,,BRUCE CARTWRIGHT,,,2014-02-10 19:05:34,,,,
169,MIKE COOLEY,NO SSTREET ADDRESS,,Whiteriver,Navajo,AZ,85941.0,(520) 338-4713,,ALTERNATE PHONE#: 520.369.0938,,,,2014-02-10 19:05:34,,,,
170,SHIRLEY FOWLER,P.O. BOX 1510,,Whiteriver,Navajo,AZ,85941.0,(602) 338-4401,,,SHIRLEY FOWLER,,,2014-02-10 19:05:34,,,,
171,ADAM LUPE,P.O. BOX 573,,Whiteriver,Navajo,AZ,85941.0,,,,ADAM LUPE,,,2014-02-10 19:05:34,,,,
172,LOUZELLA OLSON,P.O. BOX 1655,,Whiteriver,Navajo,AZ,85941.0,,,,LOUZELLA OLSON,,,2014-02-10 19:05:34,,,,
173,YAVAPAI TRIBE (PRESCOTT),530 E. MERRITT,,Prescott,Yavapai,AZ,86302.0,(602) 445-8790,,,DEREK JOHNSON,,,2014-02-10 19:05:34,,,,
174,TREJO INVESTMENTS,P.O. BOX 3000,,Mesa,Maricopa,AZ,85275.0,(602) 833-1199,,OBSERVED OPERATING 02/22/01. NOT INSPECTED SINCE 1998?.,DON FISHER,,,2014-02-10 19:05:34,,,,
175,YERINGTON PAIUTE TRIBE,171 CAMPBELL LANE,,Yerington,Lyon,NV,89447.0,(702) 463-7866,(775) 463-7697,,MISTY WILSON,,,2014-02-10 19:05:34,,,,
176,BILL PEARSON MARKET,NO STREET ADDRESS,,Hoopa,Humboldt,CA,95546.0,,,,BILL PEARSON,,,2014-02-10 19:05:34,,,,
177,AK-CHIN INDIAN COMMUNITY,S.R. RTE. 2 - PETERS AND NALL RDS.,,Maricopa,Pinal,AZ,85239.0,(602) 568-2227,,,ARTHUR CANNON,,,2014-02-10 19:05:34,,,,
178,VEKOL COMMISSARY,P.O. BOX 694,,Maricopa,Pinal,AZ,85239.0,(602) 568-2225,,,JIM ROBINETTE,,,2014-02-10 19:05:34,,,,
179,BARONA BAND (MISSION INDIANS),1054-C BARONA ROAD,,Lakeside,San Diego,CA,92040.0,(619) 443-0592,,,ALFRED GARCIA,,,2014-02-10 19:05:34,,,,
180,"""EQUILON ENTERPRISES, LLC""","""3333 EAST CAMELBACK ROAD
SUITE 170""",,Phoenix,Maricopa,AZ,85018.0,(602) 954-0460,,,RICH STOYKO,,,2014-02-10 19:05:34,,,,
181,YAVAPAI APACHE TRIBE,P.O. BOX 1188,,Camp Verde,Yavapai,AZ,86322.0,(602) 569-3379,,,TED SMITH,,,2014-02-10 19:05:34,,,,
182,"""HAVASU PALMS, INC.""",P.O. BOX 78,,Parker Dam,San Bernardino,CA,92267.0,(602) 453-5999,,,WALTER JOHNSON,,,2014-02-10 19:05:34,,,,
183,CHEMEHUEVI INDIAN TRIBE ENTERPRISES,P.O. BOX 1976,,Needles,San Bernardino,CA,92363.0,(619) 858-4531,,,MARTHA WETMORE,,,2014-02-10 19:05:34,,,,
184,CITY OF YUMA,155 W. 14TH ST.,,Yuma,Yuma,AZ,85364.0,(602) 343-8662,,,BYRON JOHNSON,,,2014-02-10 19:05:34,,,,
185,COCOPAH INDIAN TRIBE,15126 S. AVE. 'B',,Yuma,Yuma,AZ,85364.0,(602) 344-4814,,,KELLY SANSOM,,,2014-02-10 19:05:34,,,,
186,TELLES RANCH INC.,P.O. BOX 'V',,Blythe,Riverside,CA,92226.0,(619) 922-2139,,,CECIL BORBOA,,,2014-02-10 19:05:34,,,,
187,COLORADO RIVER INDIAN TRIBES,P.O. BOX 23B,,Parker,La Paz,AZ,85344.0,(520) 662-4336,,,CONNER BYESTEWA,,,2014-02-10 19:05:34,,,,
188,PARKER UNIFIED SCHOOL DISTRICT,P.O. BOX 1089,,Parker,La Paz,AZ,85344.0,(602) 669-9851,,,ART FOX,,,2014-02-10 19:05:34,,,,
189,JAMES FRANKLIN ELLIS,P.O. BOX BG,,Parker,La Paz,AZ,85344.0,(602) 669-8352,,,JAMES ELLIS,,,2014-02-10 19:05:34,,,,
190,KENNEL MCGUIRE,P.O. BOX 1148,,Parker,La Paz,AZ,85344.0,(602) 669-2473,,,KENNEL MCGUIRE,,,2014-02-10 19:05:34,,,,
191,PARADISE POINT CAMP. INC.,19 MILES N. OF HWY 95,,Blythe,Riverside,CA,92225.0,(619) 922-8380,,,JAMES DEAN,,,2014-02-10 19:05:34,,,,
192,WATERWHEEL CAMP REC. AREA,H.C.R. 20-2900,,Blythe,Riverside,CA,92225.0,(619) 922-3863,,,ROBERT JOHNSON,,,2014-02-10 19:05:34,,,,
193,"""TONY MARTINEZ, JR,""",P.O. BOX 3092,,Parker,La Paz,AZ,85344.0,(602) 662-4272,,,TONY MARTINEZ,,,2014-02-10 19:05:35,,,,
194,ROVEY LAND AND CATTLE CO.,P.O. BOX 126,,Parker,La Paz,AZ,85344.0,(602) 662-4125,,NO USTs,ALBERT ROVEY,,,2014-02-10 19:05:35,,,,
195,"""BILL HERRICK, INC.""",P.O. BOX 122,,Parker,La Paz,AZ,85344.0,(602) 669-2681,,,WILLIAM HERRICK,,,2014-02-10 19:05:35,,,,
196,CARLA POOLE,P.O. BOX 322,,Parker,La Paz,AZ,85344.0,(520) 669-5647,,,CARLA POOLE,,,2014-02-10 19:05:35,,,,
197,SAGUARO CHEVROLET INC.,2500 INDUSTRIAL PARK PL.,,Parker,La Paz,AZ,85344.0,(602) 669-2228,,,RICK VORIS,,,2014-02-10 19:05:35,,,,
198,THE TANNER COMPANIES,2.5 MILES N. HWY 95,,Parker,La Paz,AZ,85344.0,(602) 669-9251,,,GEORGE DAVIS,,,2014-02-10 19:05:35,,,,
199,BIG RIVER DEVELOPMENT CO.,DEL REY & RIO MESA DR.,,Big River,San Bernardino,CA,92242.0,(619) 665-2194,,,NO NAME,,,2014-02-10 19:05:35,,,,
200,DUCKWATER SHOSHONE TRIBE,P.O. BOX 68,,Duckwater,White Pine,NV,89314.0,(702) 863-0227,,,ROBERT KETCHUM,,,2014-02-10 19:05:35,,,,
201,MOHAVE VALLEY FLYING SERVICE,BOUNDARY CONE ROAD,,Mohave Valley,Mohave,AZ,86440.0,(602) 768-3100,,,JAMES TOWELL,,,2014-02-10 19:05:35,,,,
202,DESERT MAGIC FARMS,7520 HWY 95,,Mohave Valley,Mohave,AZ,86440.0,(602) 768-7648,,,VICTOR WAKIMOTO,,,2014-02-10 19:05:35,,,,
203,MOHAVE FARMS,1/2 MILE W. BOUNDARY CONE ROAD,,Mohave Valley,Mohave,AZ,86440.0,(520) 330-3103,,,CHIP SHERRILL,,,2014-02-10 19:05:35,,,,
204,FORT MOJAVE INDIAN TRIBE,500 MERRIMAN AVE.,,Needles,San Bernardino,CA,92363.0,(619) 326-4591,,,WILLIAM GREEN,,,2014-02-10 19:05:35,,,,
205,"""RUSSELL BROS. RANCHES, INC.""",P.O. BOX 580,,Needles,San Bernardino,CA,92363.0,(619) 326-3060,,,M.G. RUSSELL,,,2014-02-10 19:05:35,,,,
206,FORT MCDOWELL INDIAN COMMUNITY,P.O. BOX 17779,,Fountain Hills,Maricopa,AZ,85268.0,(602) 990-0995,,,DENNIS VAUGHN,,,2014-02-10 19:05:35,,,,
207,FORT YUMA-QUECHAN INDIAN TRIBE,P.O. BOX 373,,Winterhaven,Imperial,CA,92283.0,(619) 572-0231,,,ARSENIO MACARAEG,,,2014-02-10 19:05:35,,,,
208,MORONGO BAND OF MISSION INDIANS,11581 POTRERO ROAD,,Banning,Riverside,CA,92220.0,(909) 849-4697,,,JAMES FLETCHER,,,2014-02-10 19:05:35,,,,
209,PEDDIE AUTOMOTIVE,101 N. CHIEF AVE.,,Whiteriver,Navajo,AZ,85941.0,(602) 338-4740,,,HARWARD PEDDIE,,,2014-02-10 19:05:35,,,,
210,WHITERIVER UNIFIED SCHOOL DISTRICT,P.O. BOX 190,,Whiteriver,Navajo,AZ,85941.0,(602) 338-4842,,,BENEDICT LUPE,,,2014-02-10 19:05:35,CPROKOP,2015-03-31 11:07:45,,
211,BILL WALLACE,S.R. 86,,Sells,Pima,AZ,85634.0,(520) 383-2899,,,BILL WALLACE,,,2014-02-10 19:05:35,,,,
212,"""ERNEST LEWIS, JR.""",P.O. BOX 1343,,Hoopa,Humboldt,CA,95546.0,(530) 625-4175,,,ERNEST LEWIS,,,2014-02-10 19:05:35,,,,
213,RENO-SPARKS INDIAN COLONY,98 COLONY ROAD,,Reno,Washoe,NV,89502.0,(702) 329-2936,,,,,,2014-02-10 19:05:35,,,,
214,FERRELL SECAKUKU,P.O. BOX,,Second Mesa,Navajo,AZ,86043.0,(520) 737-2510,,,FERRELL SECAKUKU,,,2014-02-10 19:05:35,,,,
215,PWH TEXACO FOOD AND AUTO CENTER,P.O. BOX 440,,Second Mesa,Navajo,AZ,86043.0,(520) 737-2675,,,PERY HONANI,,,2014-02-10 19:05:35,,,,
216,SAN CARLOS LAKE DEVELOPMENT. CORP.,"""P.O. BOX 24, HCR""",,Peridot,Gila,AZ,85542.0,(520) 475-2756,,,ELLIOTT TALGO,,,2014-02-10 19:05:35,,,,
217,BRUCE TOM,P.O. BOX 38,,Schurz,Mineral,NV,89427.0,(702) 773-2550,,,EVERETT KINERSON,,,2014-02-10 19:05:35,,,,
218,NAVAJO NATION DIV. OF ECON. DEV.,P.O. BOX 663,,Window Rock,McKinley,AZ,86515.0,(505) 871-6288,,,FRANK JISHIE,,,2014-02-10 19:05:35,,,,
219,ARIZONA PUBLIC SERVICE,P.O. BOX 53999,,Phoenix,Maricopa,AZ,85072.0,(602) 250-3225,,,FLOYD CONLEY,,,2014-02-10 19:05:35,,,,
220,HOOPA VALLEY TRIBE,P.O. BOX 1348,,Hoopa,Humboldt,CA,95546.0,(530) 625-5515,,,EMILY HUSTED,,,2014-02-10 19:05:36,,,,
221,"""ULTRAMAR, INC.""",525 WEST 3RD ST.,,Hanford,Kings,CA,93230.0,(209) 583-5598,,,SANDY HUFF,,,2014-02-10 19:05:36,,,,
222,ALAMO NAVAJO CHAPTER,P.O. BOX 383,,Magdalena,Socorro,NM,87825.0,(505) 854-2686,,"""MCK. Reviewed file 3/21/02. Tank notification dated 4/15/99 shours 2 USTs (2,000 and 1,000 gal). Owner is Archie Apachito.  Can't tell by file if operating or not.  Could use an inspection when we can get down to this area.  South of Albuquerque.""",ARCHIE APACHITO,,,2014-02-10 19:05:36,,,,
223,"""PETRO USA, INC.""",P.O. BOX 6570,,Farmington,San Juan,NM,87401.0,(505) 327-4963,,,QUENTIN GALBRAITH,,,2014-02-10 19:05:36,,,,
224,WOLD LOGGING COMPANY,P.O. BOX 758,,Hoopa,Humboldt,CA,95546.0,(530) 625-4983,,,BILL WOLD,,,2014-02-10 19:05:36,,,,
225,LA JOLLA BAND OF INDIANS,"""100 CAMPGROUND ROAD
STAR ROUTE P.O. BOX 158""",,Valley Center,San Diego,CA,92082.0,(760) 742-3771,,,JACK MUSICK,,,2014-02-10 19:05:36,,,,
226,Hoopa Economic Development Association,,,Hoopa,Humboldt,CA,95546.0,,,,,,,2014-02-10 19:05:36,,,,
227,GEORGIANNA MCGLAMARY,AGUA CALIENTE INDIAN RESERVATION,,Palm Springs,Riverside,CA,92262.0,,,,GEORGIANNA MCGLAMARY,,,2014-02-10 19:05:36,,,,
228,ARIZONA DEPT. OF PUBLIC WORKS,WOODRUFF AND OVERFIELD RDS.,,Coolidge,Pinal,AZ,85228.0,(602) 562-3349,,FORMERLY CENTRAL ARIZONA COLLEGE.,MICHAEL TOLER,,,2014-02-10 19:05:36,,,,
229,BIA COLORADO RIVER AGENCY,P.O. BOX 9C,,Parker,La Paz,AZ,85344.0,(520) 662-4392,,,JOSEPH FRYE,,,2014-02-10 19:05:36,,,,
230,MORGAN SERVICE STATION,NO STREET ADDRESS,,Kayenta,Navajo,AZ,86033.0,,,"""KINLICHEE, AZ""",FRANK JISHIE,,,2014-02-10 19:05:36,,,,
231,BALDWIN SERVICE STATION,NO STREET ADDRESS,,Ganado,Apache,AZ,86505.0,,,,FRANK JISHIE,,,2014-02-10 19:05:36,,,,
232,MARGARET ESQUERRA HOLT,P.O. BOX 1852,,Parker,La Paz,AZ,85344.0,(602) 662-4281,,,DEMPSEY HOLT,,,2014-02-10 19:05:36,,,,
233,BIA Duck Valley,P.O. BOX 98,,Owyhee,Elko,NV,89832.0,(775) 757-2415,,"""11/99, Facility Manager is Larry Manning, 775-757-2415 ext. 271.""",AREA FACILITY MANAGEMENT OFFICER,,,2014-02-10 19:05:36,,,,
234,INDIAN HEALTH SERVICE,"""TWO RENAISSANCE SQUARE
40 NORTH CENTRAL AVENUE""",,Phoenix,Maricopa,AZ,85004.0,(775) 757-2415,,ext. 271,Larry Manning,,,2014-02-10 19:05:36,,,,
235,ROBERT L. THWEATT,"""HCR 20, BOX 1600""",,Blythe,Riverside,CA,92225.0,(760) 922-2929,,,,,,2014-02-10 19:05:36,,,,
236,ROBERT BROWN dba LOST LAKE RESORT,"""P.O. BOX 6046
LOST LAKE RURAL STATION""",,Blythe,Riverside,CA,92225.0,(760) 664-4413,,,ROBERT BROWN,,,2014-02-10 19:05:36,,,,
237,CALMAT COMPANY,3200 SAN FERNANDO ROAD,,Los Angeles,Los Angeles,CA,90065.0,,,,TONY LUCERO,,,2014-02-10 19:05:36,,,,
238,"""LITTLE WATER EXPRESS, LLC""",501 Airport Drive-Suite 100,,Farmington,San Juan,NM,87401.0,(505) 327-5156,,,,,,2014-02-10 19:05:36,,,,
239,NAVAJO AGRICULTURAL PRODUCTS INDUSTRY,P.O. DRAWER 1318,,Farmington,San Juan,NM,87401.0,,,,CHRIS YAZZIE,,,2014-02-10 19:05:36,,,,
240,"""CROSSROADS CONVENIENCE STORES, LLC""",AZ State Hwy. 98 and Navajo Rt. 16,,Inscription House,Coconino,AZ,86044.0,(928) 672-2350,,,,,,2014-02-10 19:05:36,,,,
241,TSEGI TRADING POST,P.O. BOX 485,,Tuba City,,AZ,86045.0,,,,TINCER NEZ,,,2014-02-10 19:05:36,,,,
242,CHUSKA TRADING POST,NO STREET ADDRESS,,Tohatchi,,NM,87325.0,,,,ARLENE TOUCHIN,,,2014-02-10 19:05:36,,,,
243,TWIN LAKES TRADING POST,"""NO STREET ADDRESS
TWIN LAKES""",,Tohatchi,,NM,87325.0,,,TWIN LAKES IS LOCATED BETWEEN TOHATCHI AND YATAHEY ON HWY 666,,,,2014-02-10 19:05:36,,,,
244,TOHATCHI TRADING POST,NO STREET ADDRESS,,Tohatchi,,NM,87325.0,,,,,,,2014-02-10 19:05:36,,,,
245,BLACK MOUNTAIN TRADING POST,RBDO P.O. BOX 565,,Chinle,Apache,AZ,86503.0,,,,,,,2014-02-10 19:05:36,,,,
246,CRYSTAL TRADING POST,NO STREET ADDRESS,,Window Rock,McKinley,AZ,86515.0,,,,,,,2014-02-10 19:05:36,,,,
247,DAYS TRADING POST,NO STREET ADDRESS,,Window Rock,McKinley,AZ,86515.0,,,,,,,2014-02-10 19:05:37,,,,
248,AMOCO - FORT DEFIANCE,NO STREET ADDRESS,,Fort Defiance,Apache,AZ,86504.0,,,,,,,2014-02-10 19:05:37,,,,
249,RINCON ENERGY INC,330 MC NAB P.O. BOX 558,,San Manuel,Pinal,AZ,85631.0,(520) 385-2359,,,JIMMY V. STOVER,,,2014-02-10 19:05:37,,,,
250,S.C. APACHE GOLD CASINO AND RESORT,"""HWY 70, 6 MI EAST OF GLOBE, AZ""",,San Carlos,Gila,AZ,85550.0,(520) 425-7800,,PHONE: 520-425-7800 EXT 3247,WILLIAM C. PHILLIPS,,,2014-02-10 19:05:37,,,,
251,"""RAMAH NAVAJO SCHOOL BOARD, INC.""",P.O. BOX 10,,Pinehill,Cibola,NM,87357.0,(505) 775-3256,(505) 775-3240,,PHILLIP BELONE,,,2014-02-10 19:05:37,,,,
252,UNION DISTRIBUTING COMPANY,4000 EAST MICHIGAN STREET,,Tucson,Pima,AZ,85714.0,(520) 571-7600,,,R.L.REICH,,,2014-02-10 19:05:37,,,,
253,"""SPUR INDUSTRIES, INC""","""3200 EAST CAMELBACK RD STE 389
P.O. BOX 44015""",,Phoenix,Maricopa,AZ,85064.0,,,,ROGER L. STEVENSON,,,2014-02-10 19:05:37,,,,
254,ELKO COUNTY SCHOOL DISTRICT,1092 BURNS ROAD,,Elko,Elko,NV,89801.0,(702) 738-5196,,,DON ELSER,,,2014-02-10 19:05:37,,,,
255,"""MAC MAGRUDER, SR.""",999 SO. PALM CANYON DRIVE,,Palm Desert,Riverside,CA,92261.0,(760) 325-2901,(760) 325-7748,,"""MAC MAGRUDER, SR.""",,,2014-02-10 19:05:37,,,,
256,LARRY & LEROY MANNING,P.O. BOX 172,,Owyhee,Elko,NV,89832.0,(702) 757-3381,(702) 757-3381,,LEROY G. MANNING,,,2014-02-10 19:05:37,,,,
257,NATIONAL PARK SERVICE (PEFO),PETRIFIED FOREST NATIONAL PARK,,Holbrook,Apache,AZ,86028.0,,,,L.E.GASTELLUM,,,2014-02-10 19:05:37,,,,
258,BABBITT BROS. TRADING CO.,P.O. BOX 1328,,Flagstaff,Coconino,AZ,86002.0,(602) 774-8711,,,,,,2014-02-10 19:05:37,,,,
259,AMERICAN TELEPHONE & TELEGRAPH  (AT&T),4430 ROSEWOOD DR SUITE 3692,,Pleasonton,Alameda,CA,94588.0,(510) 224-1546,,,,,,2014-02-10 19:05:37,,,,
260,THOMAS A. WOOD,21700 AGNES WILSON ROAD,,Poston,La Paz,AZ,85371.0,,,,THOMAS A. WOOD,,,2014-02-10 19:05:37,,,,
261,JIM SANDERS,POSTON & MOHAVE ROAD,,Poston,La Paz,AZ,85371.0,(520) 636-0983,,,,,,2014-02-10 19:05:37,,,,
262,GEORGE STAIN,WEST BOOTH & MAIN DRAIN,,Parker,La Paz,AZ,85344.0,,,,,,,2014-02-10 19:05:37,,,,
263,SACATON SCHOOL DISTRICT,P.O. BOX 98,,Sacaton,Maricopa,AZ,85247.0,(520) 562-3339,,,DARRYL RHODES,,,2014-02-10 19:05:37,,,,
264,LAS VEGAS PAIUTE TRIBE,#1 PAIUTE DRIVE,,Las Vegas,Clark,NV,89106.0,(702) 386-3926,,,STEVEN GILL,,,2014-02-10 19:05:37,,,,
265,PECHANGA BAND,45000 Pechanga Parkway,,Temecula,Riverside,CA,92589.0,(909) 676-2768,,,ANDY MAISEL,,,2014-02-10 19:05:37,,,,
266,OFFICE OF NAVAJO AND HOPI INDIAN RELOCATION,BOX KK,,Flagstaff,Coconino,AZ,86002.0,,,,CLYDE STONAKER,,,2014-02-10 19:05:37,,,,
267,MARICOPA COMMUNITY COLLEGES,2411 WEST 14TH STREET,,Tempe,Maricopa,AZ,85281.0,(602) 731-8870,,,,,,2014-02-10 19:05:37,,,,
268,GOODYEAR TIRE & RUBBER COMPANY,REAL ESTATE DEPT 824,,Akron,Summit,OH,44316.0,,,,BETTIE J. MCRAE,,,2014-02-10 19:05:37,,,,
269,ROLANCO FARMS,"""ROUTE 1, BOX 126""",,Parker,La Paz,AZ,85344.0,,,,ALBERT ROVEY,,,2014-02-10 19:05:37,,,,
270,CHINLE DEVELOPMENT INC,1100 LINTON BLVD,,Delray Beach,Palm Beach,FL,33444.0,(407) 279-9900,,,MICHAEL WALSH,,,2014-02-10 19:05:37,,,,
271,"""PUBLIC HEALTH SERVICE, REGION VI  (IHS)""","""1200 MAIN TOWER BUILDING, ROOM 1900""",,Dallas,Dallas,TX,75202.0,,,,"""YUSUF VORA, PE""",,,2014-02-10 19:05:37,,,,
272,"""BHP MINERALS, NAVAJO MINE""",P.O. BOX 155,,Fruitland,San Juan,NM,87416.0,,,,ORLANDO J. ESTRADA,,,2014-02-10 19:05:37,,,,
273,SYBIL BALDWIN (Lease Holder),P.O. BOX 2817,,Flagstaff,Coconino,AZ,86003.0,(928) 214-8143,(928) 214-8739,,ED FLORES,,,2014-02-10 19:05:37,,,,
274,RUSTY JORDAN,P.O. BOX 2277,,Poston,La Paz,AZ,85371.0,,,,,,,2014-02-10 19:05:37,,,,
275,J&W Store,NO STREET ADDRESS,,Owyhee,Elko,NV,89832.0,,,,,,,2014-02-10 19:05:37,,,,
276,WILDHORSE MARINA,NO STREET ADDRESS,,Owyhee,Elko,NV,89832.0,,,,,,,2014-02-10 19:05:37,,,,
277,SHOSHONE-PAIUTE TRIBES,"""DUCK VALLEY RESERVATION
P.O. BOX 219""",,Owyhee,Elko,NV,89832.0,(775) 757-3161,,,MARCIE PHILLIPS,,,2014-02-10 19:05:37,,,,
278,ARCHULETA RANCH,NO STREET ADDRESS,,Owyhee,Elko,NV,89832.0,,,,,,,2014-02-10 19:05:37,,,,
279,NEW MEXICO STATE HIGHWAY AND TRANSPORTATION DEPT,P.O. BOX 1149,,Santa Fe,Santa Fe,NM,87504.0,,,,STEVE RODRIGUEZ,,,2014-02-10 19:05:37,,,,
280,VERNA GEORGE,P.O. BOX  302,,Tuba City,,AZ,86045.0,,,,,,,2014-02-10 19:05:37,,,,
281,"""JOHN KAMBUROFF AERIAL SPRAY, INC.""","""P.O. BOX 2095
NEZ & MOJAVE ROAD""",,Poston,La Paz,AZ,85371.0,(602) 662-4619,,,JOHN KAMBUROFF,,,2014-02-10 19:05:37,,,,
282,M/M SIROTA,"""C/O RUTH WOOD REALTY
P.O. BOX 2006""",,Earp,San Bernardino,CA,92242.0,(619) 665-9356,,,"""RUTH WOOD, BROKER""",,,2014-02-10 19:05:38,,,,
283,BIA NAVAJO AREA OFFICE,P.O. BOX 1060,,Gallup,mckinley,NM,87305.0,(505) 863-8274,,,ANIL RAO,,,2014-02-10 19:05:38,,,,
284,HENRY MARTINEZ,BIG O' TIRES,,Chinle,Apache,AZ,86503.0,,,,,,,2014-02-10 19:05:38,,,,
285,GALLUP-MCKINLEY COUNTY SCHOOLS,P.O. BOX 1318,,Gallup,Mckinley,NM,87301.0,(505) 722-7711,,,BEN CHAVEZ,,,2014-02-10 19:05:38,,,,
286,DESERT OASIS GOLF MANAGEMENT CORPORATION,68311 PASEO REAL,,Cathedral City,Riverside,CA,92234.0,(760) 324-2353,,,ELIAS,,,2014-02-10 19:05:38,,,,
287,"""EQUILON ENTERPRISES, LLC.""","""3200 E. INLAND EMPIRE BLVD, #270""",,Ontario,San Bernardino,CA,91764.0,(760) 244-3151,,,BILL RUPE,,,2014-02-10 19:05:38,,,,
288,WATT- PALM SPRINGS,P.O. BOX 2026,,Palm Springs,Riverside,CA,92263.0,(619) 325-1120,,,,,,2014-02-10 19:05:38,,,,
289,CANYON COUNTRY CLUB,1100 MURRAY CANYON DRIVE,,Palm Springs,Riverside,CA,92264.0,(619) 327-1321,,CROSS STREET: TOLEDO,BILL NOLDE,,,2014-02-10 19:05:38,,,,
290,AMERICANA HOTEL & REALTY CORP,1097 MURRAY CANYON DRIVE,,Palm Springs,Riverside,CA,92262.0,(619) 327-2019,,,BALEN JANUARY,,,2014-02-10 19:05:38,,,,
291,AMADO RD CORP,288 HERMOSA PL,,Palm Springs,Riverside,CA,92262.0,(619) 325-5111,,,LOUISE FRAZIER,,,2014-02-10 19:05:38,,,,
292,"""VERIZON CALIFORNIA, INC. (formerly GTE)""",1 GTE PLACE,,Thousand Oaks,Ventura,CA,91362.0,(800) 331-8891,,,ENVIRONMENTAL AFFAIRS,,,2014-02-10 19:05:38,,,,
293,LAIDLAW TRANSIT INC,5006 CALLE SAN RAPHAEL,,Palm Springs,Riverside,CA,92264.0,(619) 320-8822,,,,,,2014-02-10 19:05:38,,,,
294,PALM SPRINGS AIRPORT CAR WASH ASSOCIATES,4044 RAMON ROAD,,Palm Springs,Riverside,CA,92262.0,(760) 360-4400,,,JIM,,,2014-02-10 19:05:38,,,,
295,U.S. POSTAL SERVICE,11251 RANCHO CARMEL DRIVE,,San Diego,San Diego,CA,92199.0,(858) 764-0304,,,MARTIN NELSON,,,2014-02-10 19:05:38,,,,
296,HORST (TONY) & JULIA KONHEISER,P.O. BOX 129,,Chambers,Apache,AZ,86502.0,(602) 688-2538,,,,,,2014-02-10 19:05:38,,,,
297,"""ATCHISON, TOPEKA AND SANTA FE RAILWAY""",5770 SOUTH EASTERN AVENUE,,Los Angeles,Los Angeles,CA,90040.0,(213) 889-7766,,,MITCH HARDIN,,,2014-02-10 19:05:38,,,,
298,SAMUEL YAZZIE (BASE LEASEHOLDER),PO BOX 969,,Tsaile,Apache,AZ,86556.0,(928) 724-3484,(928) 724-3415,,ROBERT WILKERSON,,,2014-02-10 19:05:38,,,,
299,MOORETOWN RANCHERIA,1 ALVERDA DRIVE,,Oroville,Butte,CA,95966.0,(530) 533-3625,(530) 533-3680,GUY TAYLOR EMAIL: MRENVIRON@MINDSPRING.COM,GUY TAYLOR,,,2014-02-10 19:05:38,,,,
300,HENRY YAZZIE,"""ROCKY RIDGE GENERAL STORE
P.O. BOX 109""",,Hotevilla,,AZ,86030.0,(520) 527-2037,,,,,,2014-02-10 19:05:38,,,,
301,PAUL E. JACKSON,"""JACKSON TRUCKING
HWY 96""",,Hoopa,Humboldt,CA,95546.0,(916) 625-4273,,,,,,2014-02-10 19:05:38,,,,
302,CALTRANS,34TH & STOCKTON,,Sacramento,Sacramento,CA,95816.0,(916) 227-9721,,,,,,2014-02-10 19:05:38,,,,
303,SALT RIVER PROJECT AGRI IMPROVEMENT& POWER DIST,P.O. BOX 52025,,Phoenix,Maricopa,AZ,85072.0,(602) 236-5900,,,,,,2014-02-10 19:05:38,,,,
304,PALA BAND OF MISSION INDIANS,P.O. BOX 43,,Pala,San Diego,CA,92059.0,(760) 742-3784,,,,,,2014-02-10 19:05:38,,,,
305,KING POLYESTEWA,GENERAL DELIVERY,,Kykotsmovi Village,Navajo,AZ,86039.0,,,,,,,2014-02-10 19:05:38,,,,
306,BARRY POLEYUMPTEWA,GENERAL DELIVERY,,Hotevilla,,AZ,86030.0,,,,,,,2014-02-10 19:05:38,,,,
307,EVERETT TAWAHONGVA,GENERAL DELIVERY,,Hotevilla,,AZ,86030.0,,,,,,,2014-02-10 19:05:38,,,,
308,TWYLA & ARLAN HONYOUMA,GENERAL DELIVERY,,Second Mesa,Navajo,AZ,86043.0,,,TWYLA & ARLAN ARE CHILDREN OF DECEASED O/O,,,,2014-02-10 19:05:38,,,,
309,SILAS HOYUNGOWA,NO STREET ADDRESS,,Hotevilla,,AZ,86030.0,,,,,,,2014-02-10 19:05:38,,,,
310,TOHONO O'ODHAM GAMING AUTHORITY,"""P.O. BOX 22230
SOUTH NOGALES HWY""",,Tucson,Pima,AZ,85734.0,(520) 295-2774,,,,,,2014-02-10 19:05:38,,,,
311,EAST FORK LUTHERAN SCHOOLS,1 MISSION LANE,,Whiteriver,Navajo,AZ,85941.0,(520) 338-4455,,,PAUL T. PRANGE,,,2014-02-10 19:05:38,,,,
312,BARBARA COOLEY,NO STREET ADDRESS,,Manuelito,Unknown,??,0.0,,,LIVES IN OREGON OR WASHINGTON,,,,2014-02-10 19:05:38,,,,
313,DARRIS MURPHY,NO STREET ADDRESS,,Cibeque,Navajo,AZ,85911.0,,,,,,,2014-02-10 19:05:38,,,,
314,REVEREND ROY O. HAWTHORNE,P.O. BOX 8440,,Houck,Apache,AZ,86506.0,(520) 688-2836,,"""RESIDENCE IN LUPTON, AZ""",,,,2014-02-10 19:05:38,,,,
315,JOHN YELLOWHORSE,P.O. BOX 168,,Houck,Apache,AZ,86506.0,(520) 688-2449,,"""RESIDENCE IN LUPTON, AZ""",,,,2014-02-10 19:05:39,,,,
316,"""EARL """"SMOKEY"""" TAYLOR""",P.O. BOX,,Sanders,Apache,AZ,86512.0,,,,,,,2014-02-10 19:05:39,,,,
317,BIA FT DEFIANCE AGENCY,NO STREET ADDRESS,,Fort Defiance,Apache,AZ,86504.0,(520) 871-5952,,,,,,2014-02-10 19:05:39,,,,
318,VAPOR. INC,4505 MILLWOOD CT NW,,Albuquerque,Bernalillo,NM,87120.0,,,,DENNIS BUCKMON SR,,,2014-02-10 19:05:39,,,,
319,BH AND VICTORIA BLAIR,NAVAJO RT 13,,Lukachukai,Apache,AZ,86507.0,(520) 787-2281,,,,,,2014-02-10 19:05:39,,,,
320,RON POWERS,"""ROUTE 1, BOX 18""",,Parker,La Paz,AZ,85344.0,(602) 662-4374,,,,,,2014-02-10 19:05:39,,,,
321,BUREAU OF RECLAMATION,"""AZ PROJECTS OFFICE
23636 NORTH 7TH STREET""",,Phoenix,Maricopa,AZ,85024.0,(602) 870-2100,,,,,,2014-02-10 19:05:39,,,,
322,Shell Oil Products. U.S.,P.O. Box 756,,Gilbert,,AZ,85229.0,(602) 395-2600,,,JOE AKEN,,,2014-02-10 19:05:39,,,,
323,FORT MCDERMITT PAIUTE-SHOSHONE TRIBE,P.O. BOX 457,,Mc Dermitt,Humboldt,NV,89421.0,(775) 532-8259,(775) 532-8903,,HELEN SNAPP,,,2014-02-10 19:05:39,,,,
324,PHILLIP FOUTZ,BOX 158,,Indian Wells,Navajo,AZ,86031.0,,,,,,,2014-02-10 19:05:39,,,,
325,MAE L. LITTLE,"""HC-70, BOX 03""",,Tonalea,Coconino,AZ,86044.0,,,,,,,2014-02-10 19:05:39,,,,
326,MARSHALL & DARREL ARVISO,P.O. BOX 908,,Crownpoint,Mckinley,NM,87313.0,(505) 786-5695,,,,,,2014-02-10 19:05:39,,,,
327,JOHN FENDENHEIM,"""WIWPUL DU'AG TRADING
HC02 BOX 7437""",,Sells,Pima,AZ,85634.0,(520) 383-5555,,,,,,2014-02-10 19:05:39,,,,
328,TEXACO INC.,P.O. BOX EE,,Cortez,Montezuma,CO,81321.0,(303) 565-8401,,"""ALTERNATE ADDRESS:
TEXACO EXPLORATION AND PRODUCTION INC
3300 N BUTLER
FARMINGHAM NM 87401""",ALVIN R. MARX,,,2014-02-10 19:05:39,,,,
329,PEABODY WESTERN COAL COMPANY (PWCC),1300 SOUTH YALE STREET,,Flagstaff,Coconino,AZ,86001.0,(520) 774-5253,(520) 773-4596,,,,,2014-02-10 19:05:39,,,,
330,ANNA LEE,BOX 361,,Saint Michaels,Apache,AZ,86511.0,,,,,,,2014-02-10 19:05:39,,,,
331,NAVAJO COMMUNICATIONS CO INC,NO STREET ADDRESS,,Window Rock,McKinley,AZ,86515.0,,,,,,,2014-02-10 19:05:39,,,,
332,LAFONT OF ARIZONA,P.O. BOX 175,,Kayenta,Navajo,AZ,86033.0,,,,,,,2014-02-10 19:05:39,,,,
333,LES PHILLIPS,MEXICAN SPRINGS TRADING POST,,Mexican Springs,Mckinley,NM,87320.0,(505) 733-2377,,,,,,2014-02-10 19:05:40,,,,
334,BLACK MESA PIPELINE COMPANY,BOX 678,,Kayenta,Navajo,AZ,86033.0,,,,,,,2014-02-10 19:05:40,,,,
335,VANDEVER,NO STREET ADDRESS,,Manuelito,Unknown,??,0.0,,,"""INFO FROM A.BOONE REVIEW OF NNEPA FILES 3/00.
MCK. Review in 3/02 shows only that a 7530-1 form is in the file. Per Boone's notes appears tanks are still in ground.  Request Ed add site to abandoned list.""",,,,2014-02-10 19:05:40,,,,
336,GILBERT BENN,"""BENCO'S FOOD & GAS
TOWNSHIP 40 SOUTH, RANGE 24 EAST
SLB&M""",,Montezuma Creek,San Juan,UT,84534.0,(970) 560-4526,,,,,,2014-02-10 19:05:40,,,,
337,NPS - CHACO CULTURE NHP,P.O. BOX 220,,Nageezi,San Juan,NM,87037.0,(505) 786-7014,,"""ALL 8 TANKS OUT PER NPS SANTA FE OFFICE 11/00.  WILL SEND PAPERWORK. Please note that 6 or the 8 tanks were heating oil and 2 were gasoline and diesel.  By letter dated June 16, 2003 from Stephanie Dubois of the National Park Service EPA received the closure records for the tank removal that occurred in 1998. For the past 2 years Mary Keil has requested closure records from the NPS (Joe Bruno). Mr. Bruno retired and after many requests the closure records were received, reviewed by Walter Guggenheimer and issued a NFA letter on 7/18/03.. MCK""",PAUL WHITEFIELD,,,2014-02-10 19:05:40,,,,
338,AUGUST RUDEAU,1116 BOGGIO DRIVE,,Gallup,Mckinley,NM,87301.0,(505) 863-6114,,,,,,2014-02-10 19:05:40,,,,
339,ED MICHAELS,NO STREET ADDRESS,,Prewitt,Mckinley,NM,87045.0,,,MCK. Ed Michaels is the operator/owner. Appears that 4 USTs were installed in 1982. Contact Baca Chapter at (505) 876-9917 to see if owner can be located.  Possibly add to Ed Addison's abandoned site list.,,,,2014-02-10 19:05:40,,,,
340,NEVADA DEPARTMENT OF TRANSPORTATION,1263 S. STEWART ST.,,Carson City,Carson City,NV,89712.0,(775) 888-7692,,"Used to be THOMAS WALL, (702) 687-5487. Updated on 6/2/15 with PYRA007 Notification Form information with current Hazardous Materials Supervisor",Rob Piekarz,,,2014-02-10 19:05:40,ACF,2015-06-25 08:29:45,rpiekarz@dot.state.nv.us,Government - State
341,PAUL TSO,NO STREET ADDRESS,,Chinle,Apache,AZ,86503.0,,,,,,,2014-02-10 19:05:40,,,,
342,"""REDD ENTERPRISES, INC.""",84 BIRCH,,Page,Coconino,AZ,86040.0,(602) 645-2707,,See contact info for address as of 01/01.,,,,2014-02-10 19:05:40,,,,
343,"""U.S. DEPARTMENT OF ENERGY, ALBUQUERQUE OPS OFFICE""",P.O. BOX 5400,,Albuquerque,Bernalillo,NM,87185.0,(505) 845-0011,,,FRANK LAFOLGER,,,2014-02-10 19:05:40,,,,
344,PITTSBURGH & MIDWAY COAL MINING COMPANY,6400 S. FIDDLERS GREEN CIRCLE,,Englewood,Arapahoe,CO,80111.0,(303) 930-3600,,,,,,2014-02-10 19:05:40,,,,
345,NAVAJO MOUNTAIN COMMUNITY SCHOOL,NR 16,,Manuelito,Unknown,??,0.0,,,,,,,2014-02-10 19:05:40,,,,
346,CAMPO BAND,NO STREET ADDRESS,,Manuelito,Unknown,??,0.0,,,,,,,2014-02-10 19:05:40,,,,
347,Fallon Paiute Shoshone Tribe,36190 Church Rd.,,Fallon,Churchill,NV,89406.0,(775) 423-6075,,,,,,2014-02-10 00:00:00,AFONG,2016-03-25 13:53:28,,
348,FIRST PRESBYTERIAN CHURCH,P.O. BOX 368,,Tuba City,,AZ,86045.0,(520) 283-5309,,,,,,2014-02-10 19:05:40,,,,
349,DAVID MONTIEL,10514 W. Via De Ventura,,Scottsdale,Maricopa,AZ,85256.0,(480) 949-0971,,,,,,2014-02-10 19:05:40,,,,
350,"""E Z TRANSMIX, INC.""","""P.O. BOX 390 
N. SIXTH STREET""",,Prescott,Yavapai,AZ,86302.0,(602) 445-3571,,,JIMMIE D. EISBERG,,,2014-02-10 19:05:40,,,,
351,HALLELUJAH CANYON CHURCH,"""OFF HWY 77 N OF JCT IR 15
NA AH TEE""",,Winslow,,AZ,86047.0,,,INFO BASED ON A.BOONE SITE VISIT 3/01.,,,,2014-02-10 19:05:40,,,,
352,SPRINGSTEAD TRADING POST,SPRINGSTEAD LOOP,,Church Rock,Mckinley,NM,87311.0,,,,,,,2014-02-10 19:05:40,,,,
353,PLATEAU/MALCO,"""SUBURBAN PROPANE
801 SOUTH CALIFORNIA AVENUE""",,Parker,La Paz,AZ,85344.0,(520) 669-5597,,PLATEAU/MALCO IS/WAS A DIVISION OF SUBURBAN PROPANE.  UNCLEAR WHETHER PLATEAU IS STILL IN BUSINESS - ACQUIRED BY THRIFTWAY.,,,,2014-02-10 19:05:40,,,,
354,KITSILI TRADING POST,"""OFF IR 41 NEAR CHAPTER HOUSE
BLACK MESA""",,Pinon,Navajo,AZ,86510.0,,,,,,,2014-02-10 19:05:41,,,,
355,DEAN KIRK,MANUELITO,,Gallup,Mckinley,NM,87301.0,,,"""3/28/02  (MCK) Facility is physically located in Manuelito, New Mexico which is 12 miles west of Gallup.  Per Boone's notes it looks like it could be on Santa Fe Railroad right of way.  I told Tom Gray about this site and he is going to contact a nun Sister Mary Louise who has a school next to site. Her number is (505) 863-1918.""",,,,2014-02-10 19:05:41,,,,
356,CANONCITO TRADING POST,"""WEST SIDE OF MAIN ROAD
CANONCITO""",,Laguna,Cibola,NM,87026.0,,,"""MCK. Appears abandoned. No inspection, no notification. There were some past owners names? Orlando and Leon Sacatero.  Maybe Navajo EPA can contact or has means of contacting them.""",,,,2014-02-10 19:05:41,,,,
357,HUBERT LEWIS,P.O. BOX 453,,Tuba City,,AZ,86045.0,,,,,,,2014-02-10 19:05:41,,,,
358,MONTANOS AUTO SERVICE CENTER,P.O. BOX 309,,Shiprock,San Juan,NM,87420.0,(505) 368-5261,,,CYNTHIA AND BEN MONTANOS,,,2014-02-10 19:05:41,,,,
359,"""JOHNSON, DAVE""",34-600 MISSION HILLS DRIVE,,Rancho Mirage,Riverside,CA,92270.0,(760) 202-4531,,,,,,2014-02-10 19:05:41,,,,
360,COYOTE VALLEY TRIBE,7751 NORTH STATE STREET,,Redwood Valley,Mendocino,CA,95470.0,,,,"""TAPIA, RICARDO""",,,2014-02-10 19:05:41,,,,
361,DAMON PRIETO,"""73-625 HIGWAY 111
ST """"G""""""",,Palm Desert,Riverside,CA,92260.0,(760) 776-6768,,,GEO PETRO,,,2014-02-10 19:05:41,,,,
362,CAOL MINE MESA,NONE LISTED,,Tuba City,,AZ,86045.0,,,"""US HWY 264, 20 MILES E. OF TUBA CITY, AZ""",,,,2014-02-10 19:05:41,,,,
363,WHITE MOUNTAIN APACHE TRIBE,PO BOX,,Whiteriver,Navajo,AZ,85941.0,,,"""NEW CHEVRON FACILITY
AT NORTH FORK
APACHE OWNED
LETTER OF 08/13, 2001""",KIRK MASSEY,,,2014-02-10 19:05:41,,,,
364,RODNEY D. RUST,216 RIVERSIDE DRIVE,,Parker,La Paz,AZ,85344.0,(928) 669-5595,,,RODNEY RUST,,,2014-02-10 19:05:41,,,,
365,"""WOODY'S ENTERPRISE, LTD""",580 W. WICKENBURG WAY,,Wickenburg,Maricopa,AZ,85390.0,(928) 669-8792,,,LANA WARNICKI,,,2014-02-10 19:05:41,,,,
366,"""PARKER OIL PRODUCTS, INC""",508 CALIFORNIA AV,,Parker,La Paz,AZ,85344.0,(928) 669-2617,,,RICK FUSCARDO,,,2014-02-10 19:05:41,,,,
367,TERRIBLE HERBST OIL COMPANY,1001 CALIFORNIA AV,,Parker,La Paz,AZ,85344.0,(702) 748-6400,,GET CORRECT ADDRESS FROM FILE,ROBERT LASZCIC,,,2014-02-10 19:05:41,,,,
368,RINCON INDIAN TRIBE,"""STAR ROUTE BOX 175
33509 Valley CenterRoad""",,Valley Center,San Diego,CA,92082.0,(706) 749-4972,,NEW LISTING 04/01/02,FRANK MAZZETTI,,,2014-02-10 19:05:41,,,,
369,SHIPROCK TRADING CO.,PO BOX 3379,,Shiprock,San Juan,NM,87420.0,(800) 210-7847,,,,,,2014-02-10 19:05:41,,,,
370,ELKO BAND,P. O. BOX 748,,Elko,Elko,NV,89801.0,(775) 738-8889,,NOTE: CHECK UPON SECOND STATION ON INDIAN LAND @ 2211 N. FIFTH ST. APPEARS CLOSED.,DAVIS GONZALES,,,2014-02-10 19:05:41,,,,
371,RICHARD MIKE,"""BURNSIDE JCT.
PO Box 1217""",,Kayenta,Navajo,AZ,86033.0,(928) 697-3613,,,,,,2014-02-10 19:05:41,,,,
372,Smith River Rancheria,250 North Indian Rd,,Smith River,Del Norte,CA,95567.0,(707) 487-9255,,,Roy Boise,,,2014-02-10 19:05:41,,,,
373,"""Gulf, Tohatchi""",Highway 666,,Tohatchi,,NM,87325.0,,,No tank notification form. Info only from Boone. Appears tanks were there/removed? No closure information or NFA. MCK,Tohatchi Chapter House,,,2014-02-10 19:05:41,,,,
374,Chevron Products Company,13  South Beach Boulevard,,La Habra,Orange,CA,90632.0,(562) 694-9482,,,Roland Mora,,,2014-02-10 19:05:41,,,,
375,Shoshone Paiute Tribes,Nevada Highway 225,,Owyhee,Elko,NV,89832.0,,,,,,,2014-02-10 19:05:41,,,,
376,Kwahn Corporation,PO Box 1087,,Burney,Shasta,CA,96013.0,,,,,,,2014-02-10 19:05:41,,,,
377,SUSANVILLE INDIAN RANCHERIA TRIBE,745 Joaquin St.,,Susanville,Lassen,CA,96130.0,(530) 257-6264,,,,,,2014-02-10 19:05:41,,,,
378,ELY SHOSHONE TRIBE,No. 16 Shoshone Circle,,Ely,White Pine,NV,89301.0,,,,,,,2014-02-10 19:05:41,,,,
379,MOAPA BAND OF PAIUTES,P.O. BOX 56,,Moapa,Clark,NV,89025.0,(702) 865-2787,,,EUGENE TOM,,,2014-02-10 19:05:41,,,,
380,ELI WILLIAMS,State Hwy 264,,Ganado,Apache,AZ,86505.0,,,,,,,2014-02-10 19:05:41,,,,
381,CABAZON BAND OF MISSION INDIANS,84-245 Indio Springs Pkwy.,,Indio,,CA,92203.0,(760) 342-2593 x84781,,,,,,2014-02-10 19:05:41,,,,
382,YUROK TRIBE OF CALIFORNIA,517 THIRD STREET,,Eureka,Humboldt,CA,95501.0,,,,SUSIE LONG,,,2014-02-10 19:05:42,,,,
383,BUREAU OF INDIAN AFFAIRS (BIA) - HOPI AGENCY,"""P.O. BOX 568
100 Main St.""",,Keams Canyon,Apache,AZ,86034.0,(928) 738-2262,,,ALPH SECAKUKU,,,2014-02-10 19:05:42,,,,
384,Craig & Mark McDowell,"""9735 N. 90 Pl, Suite 250""",,Scottsdale,Maricopa,AZ,85258.0,(480) 990-0314 ext.111,,,,,,2014-02-10 19:05:42,,,,
385,MOUNTAIN COUNTIES SUPPLY COMPANY,6920 Lockheed Dr.,,Redding,Shasta,CA,96002.0,(530) 226-2224,,,,,,2014-02-10 19:05:42,,,,
386,"""LOVE'S TRAVEL STOPS & COUNTRY STONES, INC""",10601 North Pennsylvania Ave.,,Oklahoma City,Oklahoma,OK,73120.0,(405) 302-6640,,,,,,2014-02-10 19:05:42,,,,
387,TORRES MARTINEZ DESERT CAHUILLA INDIANS,PO Box 1160,,Thermal,Riverside,CA,92274.0,(760) 397-8145,,,,,,2014-02-10 19:05:42,,,,
388,BYRON KOOTSWATEWA,unknown deceased,,Hotevilla,Navajo,AZ,86030.0,,,,,,,2014-02-10 19:05:42,,,,
389,Fallon Tribal Development Corp.,565 Rio Vista Drive,,Fallon,Churchill,NV,89406.0,(775) 423-6075,,,,,,2014-02-10 19:05:42,,,,
390,BLUE LAKE RANCHERIA,PO Box 428,,Blue Lake,Humboldt,CA,95525.0,(707) 608-5101,,,,,,2014-02-10 19:05:42,,,,
391,FORT INDEPENDENCE INDIAN RESERVATION,131 N. Hwy 395,,Independence,Inyo,CA,93526.0,(760) 878-2351,,,,,,2014-02-10 19:05:42,,,,
392,Jackson Rancheria Band of Miwok Indians,12222 New York Ranch Road,,Jackson,Amador,CA,95642.0,(209) 223-8714,,,,,,2014-02-10 19:05:42,,,,
393,Bear River Band of the Rohnerville Rancheria,P.O. Box 731,,Loleta,Humboldt,CA,95551.0,(707) 733-1900,(707) 733-9417,,,,,2014-02-10 19:05:42,,,,
394,Larry Hendrix,,,Klamath,Del Norte,CA,95548.0,,,,,,,2014-02-10 19:05:42,,,,
395,Elbridge Poocha,,,Polacca,Navajo,AZ,86042.0,,,,,,,2014-02-10 19:05:42,,,,
396,Wild Horse Pass Development Authority / GRIC,5350 N. 48th Street,,Chandler,Maricopa,AZ,85226.0,(520) 796-5389,,,,,,2014-02-10 19:05:42,,,,
397,Stanley Dashee,,,Polacca,,AZ,,,,,,,,2014-02-10 19:05:42,,,,
398,Perry Sehongva,State Route 264,,Hotevilla,,AZ,,,,,,,,2014-02-10 19:05:42,,,,
399,Ash Creek Livestock Association,San Carlos Ave.,,San Carlos,Gila,AZ,85550.0,,,,,,,2014-02-10 19:05:42,,,,
400,Slaughter Mountain Livestock Association,San Carlos Ave.,,San Carlos,Gila,AZ,85550.0,(928) 475-2241,,,,,,2014-02-10 19:05:42,,,,
401,Chemehuevi Indian Tribe,,,,,,,,,,,,,2014-02-10 19:05:42,,,,
402,"""REDCO, Rincon Band of Luiseno Indians""","""33750 Valley Center Road 
P.O. Box 68""",,Valley Center,San Diego,CA,92082.0,(760) 749-1051,,,,,,2014-02-10 19:05:42,,,,
403,Tonto Apache Tribe,"Tonto Reservation, #30",,Payson,Gila,AZ,85541.0,928-474-5000,928-474-2000,,,,RJAMISON,2014-03-07 10:53:54,,,,
404,Ak-Chin Indian Community,47021 W. Farrell Road,,Maricopa,,AZ,85139.0,520-568-1650,,,,,RJAMISON,2014-05-23 12:04:19,,,,
405,"Lone Butte Trade Center, LLP",1188 S. 56th Street,,Chandler,Maricopa,AZ,85226.0,480-949-0971,,Paul Velasco is the C.O.O.,Paul Valasco,,ACF,2014-06-27 10:53:23,,,,
406,Red Mesa Trading Co. Inc.,"501 Airport, Suite 100",,Farmington,,NM,87401.0,505-564-6805,,Craig Callaway is the President of Red Mesa Trading Co. Inc.,Craig Callaway,,AFONG,2014-07-01 09:42:54,,,,
407,"Red Mesa Trading Company, Inc",501 Airport Dr.,Suite 100,Farmington,,NM,87401.0,(505)327-5156,,Dates of Lease: 12/12/02 - 12/11/27. Contact person is Craig Callaway (President),Craig Callaway,,ACF,2014-09-04 12:56:51,,,,
408,Tohono O'Odham Nation,HC 01 Box 8300,,Sells,Pima ,AZ,85634.0,520-362-2442,,Contact info for contact name is different:  PO Box 837 Sells AZ 85634  520-383-8681,Laurie Suter,,MWHALEN,2014-09-05 11:11:51,,,,
409,"CarMax Auto Superstores West Coast, Inc",12800 Tuckahoe Creek Pkwy,,Richmond,,,23238.0,804-747-0422 Ext. 6115,,Contact Person in charge of tanks (Johanna Griscik) is the Environmental Program Manager,Johanna Griscik,,AFONG,2014-11-24 12:46:22,,,,
410,"Fort McDermitt Travel Plaza Enterprise, dba Red Mountain Travel Plaza Enterprise",401 South Reservation Road,,McDermitt,Humboldt,NV,89421.0,775-532-4400,,"Contact person in charge of tanks (Pollyanna Rowley) is the manager.  Owner's authorized representative is Wilson Crutcher, President, Board of Directors, Fort McDermitt Travel Plaza. ",Pollyanna Rowley,,AFONG,2014-11-24 13:03:02,,,,
411,Gila River Indian Community,"5350 N. 48th St., Ste. 210",c/o Wild Horse Pass Development Authority,Chandler,Maricopa,AZ,85226.0,480-717-7200,,Contact person in charge of the tank (Jassi Dhatt) is the District Manger,Jassi Dhatt,,AFONG,2014-11-24 13:18:06,,,,
412,Akimel Enterprise LLC,4231 W. Riggs Road,,Chandler,Maricopa,AZ,85248.0,520-796-2171,,"Contact Gary Nelson is the Manager, and can be reached at (602)327-0578",Gary Nelson,,AFONG,2015-01-12 14:56:40,,,,
413,"Ultramar, Inc.",525 W Third St,,Hanford,,CA,93230.0,210.345.4663  ,,"Purchased from Bingo/Telum in 1986.
Correction to facility ownership records by r Jamison.",Shay Wideman,,RJAMISON,2015-02-03 11:34:13,RJAMISON,2017-04-20 15:21:47,Shay.Wideman@valero.com,
414,"Bingo/Telum, Inc.",,,Salt Lake City,,UT,,,,"Facility update by R Jamison 2/3/2015 based on paper files and PSA submitted by Ultramar in late 2014.
Start date is approximate.",Earl K. Cook,,RJAMISON,2015-02-03 11:51:27,,,,
415,Robinson Rancheria,1545 East Hwy 20,PO Box 4015,Nice,,CA,95464.0,(707)275-0527,,Contact is Tribal Project Manager,Earlene Drapeau,,ACF,2015-03-11 12:00:33,,,,
416,Cedarville Rancheria,300 W. First St.,,Alturas,,CA,96101.0,(530) 279-2022,,,Melinda Dollarhide,,MWHALEN,2015-07-23 11:57:34,,,,
417,Grand Canyon Robert Corporation,16500 E. Hwy 66,,Peach Springs,Mohave,AZ,,(928) 769-2419 ,,,Doug Berggran,,MWHALEN,2015-07-23 14:17:25,,,,
418,"Michael Hunter, Executive Director",P. O. Box 388,,Calpella,Mendocino,CA,95418.0,(707) 485-8723,,,Michael Hunter,,MWHALEN,2015-08-14 17:47:54,,,,
419,Mark Winter,,,,,,,,,,,,MWHALEN,2015-09-11 11:38:53,,,,
420,"Washoe Travel Plaza Realty, LLC",919 US Hwy 395 South,,Gardnerville,Douglas,NV,89410.0,775-265-8800,,Operations Manager & Director of Business Operations,Greg Weyland,,KHARRINGTON,2016-01-06 14:58:07,,,,
421,Mountain Sky Travel Center,52702 Highway 371,,Anza,Riverside,CA,92539.0,1-888-371-2692,,Contact is Travel Center Mananger,Lynnette Smith,,KHARRINGTON,2016-01-28 15:21:01,,,,
422,Yavapai Apache Tribe,,,Camp Verde,Yavapai,AZ,86322.0,928-567-1040,,,,,ACF,2016-08-09 14:01:33,,,,
424,CAMERON FUEL CENTER,P O Box 1219,,Kayenta,,AZ,86033.0,928-380-6314,,,Nina Heflin (owner),,RJAMISON,2017-05-02 13:30:04,,,,
425,SHONTO EDC,P.O. Box 7701,,SHONTO,,AZ,86054.0,928-691-0513,,,"Robert Black, Jr. ",,RJAMISON,2017-10-11 17:54:20,,,,
423,PIT RIVER TRIBE,36970 Park Avenue, ,Burney,,CA,96013.0,,,,,,RJAMISON,2017-04-18 12:20:36,,,,
427,Ray Shirakawa,,,,,,,,,,,,BOJHA,2019-07-22 10:31:31,,,,
428,Wayne Sasaki,,,,,,,,,,,,BOJHA,2019-07-22 10:45:40,,,,
426,"Native Markets, Inc",1016 Eubank Blvd NE,,Albuqurque,,NM,87112.0,505-292-6594,505-294-4821,,,,RJAMISON,2019-04-09 15:55:49,,,,
430,"Mauna Kea Observatories Services, INC",,,,,,,,,,,,BOJHA,2019-08-21 21:19:51,,,,
429,Police Dept,,,,,,,,,,,,BOJHA,2019-07-22 10:48:24,,,,
431,Sycuan Tribal Development Corporation,2 Kwaaypaay Court,,El Cajon,San Diego,CA,92019.0,(619) 445-4564,,Contact is Executive Vice President,Glenn Quiroga,,AFONG,2019-09-16 13:20:09,,,,
